name,VERY_POSITIVE,POSITIVE,NEUTRAL,NEGATIVE,VERY_NEGATIVE
A100JCBNALJFAW-0790701251.html,0,2,1,1,0
A100JCBNALJFAW-6303686796.html,2,0,0,0,0
A100JCBNALJFAW-6304808879.html,0,2,0,3,0
A100JCBNALJFAW-6305841861.html,1,0,0,1,0
A100JCBNALJFAW-B00000J2KS.html,0,1,1,6,0
A100JCBNALJFAW-B00000J2KT.html,0,2,1,1,0
A100JCBNALJFAW-B00000JKSV.html,0,2,1,1,0
A100JCBNALJFAW-B00004CLDC.html,0,1,1,2,0
A100JCBNALJFAW-B00004RO2M.html,0,2,1,1,0
A100JCBNALJFAW-B00004VYLU.html,0,1,1,2,0
A100JCBNALJFAW-B00004WCLC.html,2,3,6,2,0
A100JCBNALJFAW-B00005ALRP.html,0,2,2,1,0
A100JCBNALJFAW-B00005JOIH.html,1,1,1,0,0
A100JCBNALJFAW-B00005MHNI.html,0,1,1,6,0
A100JCBNALJFAW-B00005MHNS.html,0,2,1,1,0
A100JCBNALJFAW-B00005UQZ5.html,0,2,2,1,0
A100JCBNALJFAW-B000065MQO.html,0,2,1,1,0
A100JCBNALJFAW-B0000CDL93.html,0,1,0,1,0
A100JCBNALJFAW-B000127M62.html,0,2,4,4,0
A100JCBNALJFAW-B00018D454.html,0,0,1,4,2
A100JCBNALJFAW-B00018D45O.html,0,0,1,4,2
A100JCBNALJFAW-B0009ETCV0.html,0,3,0,0,0
A100JCBNALJFAW-B0009PQX02.html,0,3,0,0,0
A100JCBNALJFAW-B000AMWIVM.html,0,0,1,2,0
A100JCBNALJFAW-B000BNXDBO.html,0,1,0,2,0
A100JCBNALJFAW-B000CCW2TI.html,0,0,0,3,0
A100JCBNALJFAW-B000FKO0Q0.html,0,2,2,1,0
A100JCBNALJFAW-B000HOMU98.html,0,2,1,1,0
A100JCBNALJFAW-B000MMMTAK.html,0,1,1,3,0
A100JCBNALJFAW-B000MXPE7O.html,0,0,1,3,0
A100JCBNALJFAW-B000MXPE7Y.html,0,0,1,3,0
A100JCBNALJFAW-B000Q678OO.html,0,1,1,6,0
A100JCBNALJFAW-B000RJO58M.html,0,1,0,3,0
A100JCBNALJFAW-B000TJBN80.html,0,1,2,2,0
A100JCBNALJFAW-B000UAE7O0.html,0,3,1,4,0
A100JCBNALJFAW-B000UIVRXG.html,0,1,0,3,0
A100JCBNALJFAW-B000VDDWEM.html,0,1,2,2,0
A100JCBNALJFAW-B000WX5KA0.html,2,0,0,0,0
A100JCBNALJFAW-B000YGIHOG.html,0,1,2,2,0
A100JCBNALJFAW-B0010DRYP0.html,0,1,1,2,0
A100JCBNALJFAW-B001EBLX5K.html,0,1,1,3,0
A100JCBNALJFAW-B001EBYM8A.html,0,2,2,1,0
A100JCBNALJFAW-B001LRTT7Q.html,0,3,0,0,0
A100JCBNALJFAW-B002KGREJW.html,0,4,1,2,0
A100JCBNALJFAW-B002RILM00.html,0,0,6,3,0
A100JCBNALJFAW-B002UOMGVU.html,0,1,1,2,0
A100JCBNALJFAW-B003IGKDMI.html,0,1,1,2,0
A100JCBNALJFAW-B003XM7K8W.html,0,3,0,0,0
A100JCBNALJFAW-B0041JJ4SK.html,0,1,0,2,0
A100JCBNALJFAW-B005Y4CWJO.html,0,2,0,3,0
A100JCBNALJFAW-B005Y4DIMY.html,0,2,0,3,0
A100JCBNALJFAW-B006H90TLI.html,1,3,1,0,0
A100JCBNALJFAW-B008V5OTW6.html,1,1,1,0,0
A100JCBNALJFAW-B009RI4372.html,1,2,1,3,0
A106016KSI0YQ-5553600715.html,1,1,0,6,2
A106016KSI0YQ-B00003CWPR.html,1,3,0,6,1
A106016KSI0YQ-B00004RNRS.html,2,4,2,4,0
A106016KSI0YQ-B00004WHSH.html,1,3,0,6,1
A106016KSI0YQ-B0000640ZP.html,1,1,0,6,2
A106016KSI0YQ-B000067JG3.html,2,4,2,4,0
A106016KSI0YQ-B000067JG4.html,2,4,2,4,0
A106016KSI0YQ-B00008T5OK.html,2,4,2,4,0
A106016KSI0YQ-B0002NIAZW.html,0,1,0,8,0
A106016KSI0YQ-B00067ISBU.html,2,4,2,3,1
A106016KSI0YQ-B0007QS21G.html,0,1,0,8,0
A106016KSI0YQ-B0007VNGXK.html,2,4,2,3,1
A106016KSI0YQ-B000ARIS52.html,1,6,0,8,0
A106016KSI0YQ-B000FS9FCQ.html,0,4,0,4,0
A106016KSI0YQ-B000I186FW.html,0,4,0,4,0
A106016KSI0YQ-B000K2UVZM.html,0,2,0,5,1
A106016KSI0YQ-B000K2UVZW.html,0,2,0,5,1
A106016KSI0YQ-B000ML11RI.html,1,6,0,8,0
A106016KSI0YQ-B000MZHW1S.html,0,1,1,5,2
A106016KSI0YQ-B000VDDWE2.html,0,1,0,8,0
A106016KSI0YQ-B0011EBDE6.html,0,2,0,4,1
A106016KSI0YQ-B0013D8LKO.html,1,3,0,6,1
A106016KSI0YQ-B0016Q2D66.html,0,2,1,6,1
A106016KSI0YQ-B001HUHBAE.html,1,3,0,9,0
A106016KSI0YQ-B001RALGBO.html,0,1,0,8,0
A106016KSI0YQ-B00449DHN0.html,0,2,3,5,2
A106016KSI0YQ-B004SIP9B0.html,1,3,2,8,3
A106016KSI0YQ-B0065AVS0K.html,1,6,0,8,0
A106016KSI0YQ-B006RXQ800.html,0,2,3,5,2
A106016KSI0YQ-B009RI4372.html,0,1,0,5,0
A109LWN9DUGPDP-0767800117.html,0,1,0,1,0
A109LWN9DUGPDP-079213690X.html,0,0,0,2,0
A109LWN9DUGPDP-0792158288.html,0,1,0,1,0
A109LWN9DUGPDP-6301777867.html,0,1,0,1,0
A109LWN9DUGPDP-B00004CO5P.html,0,1,0,1,0
A109LWN9DUGPDP-B00005JO1X.html,0,0,0,2,0
A109LWN9DUGPDP-B00005JPTK.html,0,1,0,0,0
A109LWN9DUGPDP-B00005UMYY.html,0,0,3,1,1
A109LWN9DUGPDP-B0000UI2NM.html,0,2,1,1,0
A109LWN9DUGPDP-B0000VAFO0.html,0,2,1,1,0
A109LWN9DUGPDP-B0001DI0FI.html,0,1,0,1,0
A109LWN9DUGPDP-B0006IIPIK.html,1,0,0,0,0
A109LWN9DUGPDP-B0006IWY0U.html,0,1,0,1,0
A109LWN9DUGPDP-B000A896J8.html,0,0,0,2,0
A109LWN9DUGPDP-B000ARIS52.html,0,1,0,0,0
A109LWN9DUGPDP-B000EBIP16.html,0,0,0,2,0
A109LWN9DUGPDP-B000EBIP1G.html,0,0,0,2,0
A109LWN9DUGPDP-B000F9RB8A.html,1,0,0,1,0
A109LWN9DUGPDP-B000FFL2RA.html,0,0,0,2,0
A109LWN9DUGPDP-B000I3PERS.html,0,0,0,2,0
A109LWN9DUGPDP-B000I8ES5C.html,1,0,0,1,0
A109LWN9DUGPDP-B000IOM0WY.html,0,0,0,1,0
A109LWN9DUGPDP-B000KX0ISQ.html,0,1,0,1,0
A109LWN9DUGPDP-B000ML11RI.html,0,1,0,0,0
A109LWN9DUGPDP-B000NQQ4ME.html,0,1,0,0,0
A109LWN9DUGPDP-B000QE9ERU.html,0,1,0,3,0
A109LWN9DUGPDP-B000RJO58M.html,0,0,0,1,0
A109LWN9DUGPDP-B000UIVRXG.html,0,0,0,1,0
A109LWN9DUGPDP-B000XJSL9U.html,0,0,0,3,0
A109LWN9DUGPDP-B0013FXWU6.html,0,0,0,0,1
A109LWN9DUGPDP-B00147F8Z0.html,0,1,0,1,2
A109LWN9DUGPDP-B0014Z4ONE.html,0,1,0,1,0
A109LWN9DUGPDP-B001A4LYN2.html,0,0,0,0,1
A109LWN9DUGPDP-B001BN4WMW.html,0,0,0,2,0
A109LWN9DUGPDP-B003PAXONC.html,0,1,0,0,0
A109LWN9DUGPDP-B004YRSC7I.html,0,0,3,1,1
A109LWN9DUGPDP-B0065AVS0K.html,0,1,0,0,0
A10C5CJK1YKGV0-0792140923.html,1,2,4,10,1
A10C5CJK1YKGV0-6302842557.html,1,5,6,5,0
A10C5CJK1YKGV0-6304994540.html,1,12,8,35,1
A10C5CJK1YKGV0-B00004S5QI.html,1,5,6,5,0
A10C5CJK1YKGV0-B00004S5QQ.html,2,7,9,10,0
A10C5CJK1YKGV0-B00004WEJ4.html,2,7,9,10,0
A10C5CJK1YKGV0-B00005JMZK.html,2,5,1,14,1
A10C5CJK1YKGV0-B00005JPO1.html,2,19,17,50,0
A10C5CJK1YKGV0-B00005JPTK.html,0,4,4,35,1
A10C5CJK1YKGV0-B00006DEFA.html,1,5,6,5,0
A10C5CJK1YKGV0-B0000CGD0X.html,2,7,9,10,0
A10C5CJK1YKGV0-B0006BE3S8.html,2,5,1,14,1
A10C5CJK1YKGV0-B0006IWQIU.html,2,5,1,14,1
A10C5CJK1YKGV0-B000LC55F2.html,1,22,8,33,3
A10C5CJK1YKGV0-B000MQ54OO.html,1,8,4,11,2
A10C5CJK1YKGV0-B000MQ54OY.html,1,8,4,11,2
A10C5CJK1YKGV0-B000O76T7M.html,2,5,1,14,1
A10C5CJK1YKGV0-B000VDDWEC.html,0,8,7,5,1
A10C5CJK1YKGV0-B000ZN8036.html,1,12,15,63,6
A10C5CJK1YKGV0-B000ZN803G.html,1,12,15,63,6
A10C5CJK1YKGV0-B0010X73ZG.html,1,0,3,16,0
A10C5CJK1YKGV0-B0011EBDE6.html,0,5,2,15,0
A10C5CJK1YKGV0-B0012FHGCW.html,1,12,15,63,6
A10C5CJK1YKGV0-B00147F8Z0.html,0,3,1,8,0
A10C5CJK1YKGV0-B0016OLC5Q.html,1,12,15,63,6
A10C5CJK1YKGV0-B001AII4TU.html,1,4,1,8,0
A10C5CJK1YKGV0-B001HUHBAE.html,4,7,2,10,0
A10C5CJK1YKGV0-B001JI7WTO.html,0,4,4,5,0
A10C5CJK1YKGV0-B001JIDE3M.html,0,4,4,5,0
A10C5CJK1YKGV0-B001SMC9IK.html,0,6,4,16,0
A10C5CJK1YKGV0-B002VWOMN6.html,1,5,6,5,0
A10C5CJK1YKGV0-B003008RWA.html,0,2,2,17,1
A10C5CJK1YKGV0-B003PAXONC.html,0,4,4,35,1
A10C5CJK1YKGV0-B003WQT2YY.html,1,5,6,5,0
A10C5CJK1YKGV0-B0058Q4598.html,0,6,4,16,0
A10C5CJK1YKGV0-B005OV0PS2.html,1,12,8,35,1
A10C5CJK1YKGV0-B007XF4J66.html,2,7,9,10,0
A10C5CJK1YKGV0-B007XF4J70.html,2,7,9,10,0
A10DB0H2NZF11E-B00005JPA6.html,0,1,1,1,0
A10DB0H2NZF11E-B00005JPTK.html,0,2,2,3,0
A10DB0H2NZF11E-B000069HPL.html,1,2,0,0,0
A10DB0H2NZF11E-B0002RGNRU.html,1,2,2,1,0
A10DB0H2NZF11E-B000A896J8.html,0,2,1,0,0
A10DB0H2NZF11E-B000AP04L0.html,1,2,0,0,0
A10DB0H2NZF11E-B000ARIS52.html,0,2,0,2,0
A10DB0H2NZF11E-B000C8Q978.html,0,1,0,1,0
A10DB0H2NZF11E-B000FFL2RA.html,0,2,1,0,0
A10DB0H2NZF11E-B000I9YWDO.html,1,2,0,0,0
A10DB0H2NZF11E-B000JLTR8Q.html,0,3,0,1,0
A10DB0H2NZF11E-B000JLTR90.html,0,3,0,1,0
A10DB0H2NZF11E-B000JU7KAE.html,0,3,0,1,0
A10DB0H2NZF11E-B000JU7KAO.html,0,3,0,1,0
A10DB0H2NZF11E-B000ML11RI.html,0,2,0,2,0
A10DB0H2NZF11E-B000MS3YXU.html,0,3,0,1,0
A10DB0H2NZF11E-B000TGJ8CQ.html,1,3,2,0,0
A10DB0H2NZF11E-B000VALY54.html,1,1,1,0,0
A10DB0H2NZF11E-B0016RDEH2.html,0,1,1,1,0
A10DB0H2NZF11E-B001FB55HQ.html,0,2,0,1,0
A10DB0H2NZF11E-B001FB55I0.html,0,2,0,1,0
A10DB0H2NZF11E-B001K2KM8W.html,0,1,1,1,0
A10DB0H2NZF11E-B001L57ZZ6.html,0,0,1,1,0
A10DB0H2NZF11E-B001SMC9IK.html,1,2,1,2,0
A10DB0H2NZF11E-B001TAFCBC.html,1,2,2,1,0
A10DB0H2NZF11E-B001UV4XEM.html,1,0,0,1,0
A10DB0H2NZF11E-B001UV4XEW.html,1,0,0,1,0
A10DB0H2NZF11E-B001VNWB5W.html,0,2,0,4,2
A10DB0H2NZF11E-B001YV502C.html,0,1,4,5,0
A10DB0H2NZF11E-B0026Y88RU.html,0,3,2,2,0
A10DB0H2NZF11E-B00288KNLS.html,0,3,2,4,0
A10DB0H2NZF11E-B002OHDRF2.html,0,2,0,1,0
A10DB0H2NZF11E-B002RVCD0U.html,0,2,0,1,0
A10DB0H2NZF11E-B002SEQ8ZC.html,0,3,2,4,0
A10DB0H2NZF11E-B002SEQ8ZM.html,0,3,2,4,0
A10DB0H2NZF11E-B002T9H2ME.html,1,2,0,1,0
A10DB0H2NZF11E-B002T9H2MO.html,1,2,0,1,0
A10DB0H2NZF11E-B0033BISWK.html,1,3,0,1,0
A10DB0H2NZF11E-B003PAXONC.html,0,2,2,3,0
A10DB0H2NZF11E-B00466H3DG.html,1,2,2,1,0
A10DB0H2NZF11E-B004XQO90E.html,0,2,1,2,0
A10DB0H2NZF11E-B004XQO90O.html,0,2,1,2,0
A10DB0H2NZF11E-B0055X0DJ0.html,0,1,0,4,0
A10DB0H2NZF11E-B0058Q4598.html,1,2,1,2,0
A10DB0H2NZF11E-B0065AVS0K.html,0,2,0,2,0
A10DB0H2NZF11E-B006VYFB1C.html,2,1,1,0,0
A10E3F50DIUJEE-6301231864.html,1,4,1,7,0
A10E3F50DIUJEE-6301978277.html,1,1,1,2,0
A10E3F50DIUJEE-6304497156.html,1,4,1,7,0
A10E3F50DIUJEE-B00004R6CG.html,1,5,1,4,0
A10E3F50DIUJEE-B00004RNRS.html,5,6,3,3,0
A10E3F50DIUJEE-B00005MP77.html,1,4,1,7,0
A10E3F50DIUJEE-B00005Y6Y2.html,1,4,1,7,0
A10E3F50DIUJEE-B000067JG3.html,5,6,3,3,0
A10E3F50DIUJEE-B000067JG4.html,5,6,3,3,0
A10E3F50DIUJEE-B0000683U7.html,0,5,0,1,0
A10E3F50DIUJEE-B00008T5OK.html,5,6,3,3,0
A10E3F50DIUJEE-B0002RGNRU.html,2,6,1,5,0
A10E3F50DIUJEE-B0007UVTAS.html,1,4,1,7,0
A10E3F50DIUJEE-B0009ORFH8.html,1,4,1,7,0
A10E3F50DIUJEE-B000J103OI.html,0,3,1,6,0
A10E3F50DIUJEE-B000M06KJ8.html,2,2,2,8,0
A10E3F50DIUJEE-B000VDDWEC.html,1,3,4,1,0
A10E3F50DIUJEE-B00112S8RS.html,0,1,1,14,2
A10E3F50DIUJEE-B0013FXWU6.html,2,2,0,4,1
A10E3F50DIUJEE-B0014CQNTK.html,1,5,0,1,0
A10E3F50DIUJEE-B0016JODPW.html,0,1,1,14,2
A10E3F50DIUJEE-B0016Q2D66.html,4,5,2,3,0
A10E3F50DIUJEE-B001A4LYN2.html,2,2,0,4,1
A10E3F50DIUJEE-B001KSLG40.html,1,4,1,7,0
A10E3F50DIUJEE-B001N4RORE.html,0,5,3,5,1
A10E3F50DIUJEE-B001NKI60W.html,0,5,3,5,1
A10E3F50DIUJEE-B001OIXU0O.html,0,5,3,5,1
A10E3F50DIUJEE-B001TAFCBC.html,2,6,1,5,0
A10E3F50DIUJEE-B002KGREJC.html,1,5,0,1,0
A10E3F50DIUJEE-B002LMOCDQ.html,0,5,3,5,1
A10E3F50DIUJEE-B0045HCJ9E.html,0,5,0,1,0
A10E3F50DIUJEE-B00466H3DG.html,2,6,1,5,0
A10E3F50DIUJEE-B004TJ1H1E.html,1,1,1,2,0
A10E3F50DIUJEE-B004V4RV1M.html,1,4,1,7,0
A10E3F50DIUJEE-B0068FZ1AU.html,0,5,3,5,1
A10E3F50DIUJEE-B006H90TLI.html,2,6,1,3,0
A10E3F50DIUJEE-B00871C09S.html,1,5,1,5,0
A10HMPPHWI3V0A-0790701251.html,0,7,2,8,0
A10HMPPHWI3V0A-6305949972.html,0,5,2,3,0
A10HMPPHWI3V0A-B00000J2KT.html,0,7,2,8,0
A10HMPPHWI3V0A-B00000JKSV.html,0,7,2,8,0
A10HMPPHWI3V0A-B00004RO2M.html,0,7,2,8,0
A10HMPPHWI3V0A-B00005JNY3.html,0,2,1,6,0
A10HMPPHWI3V0A-B00005MHNS.html,0,7,2,8,0
A10HMPPHWI3V0A-B000065MQO.html,0,7,2,8,0
A10HMPPHWI3V0A-B00018D454.html,0,2,3,8,0
A10HMPPHWI3V0A-B00018D45O.html,0,2,3,8,0
A10HMPPHWI3V0A-B0007TKOA0.html,1,3,3,5,0
A10HMPPHWI3V0A-B0007TKOAA.html,1,3,3,5,0
A10HMPPHWI3V0A-B0007TKOAK.html,1,3,3,5,0
A10HMPPHWI3V0A-B000AMWIVM.html,0,1,0,2,0
A10HMPPHWI3V0A-B000ARTMWU.html,0,0,1,2,1
A10HMPPHWI3V0A-B000B7QAHO.html,3,2,5,5,0
A10HMPPHWI3V0A-B000BB1MI2.html,3,2,5,5,0
A10HMPPHWI3V0A-B000BB96M6.html,3,2,5,5,0
A10HMPPHWI3V0A-B000BB96MG.html,3,2,5,5,0
A10HMPPHWI3V0A-B000CCW2RU.html,2,3,3,4,1
A10HMPPHWI3V0A-B000CCW2TI.html,0,1,1,4,2
A10HMPPHWI3V0A-B000CD9U4M.html,3,2,5,5,0
A10HMPPHWI3V0A-B000E5KJHA.html,3,2,5,5,0
A10HMPPHWI3V0A-B000EOTVU2.html,0,1,2,2,1
A10HMPPHWI3V0A-B000EOTVUM.html,0,1,2,2,1
A10HMPPHWI3V0A-B000FS9FCQ.html,1,4,1,0,0
A10HMPPHWI3V0A-B000GFLEGI.html,0,2,0,2,0
A10HMPPHWI3V0A-B000GTLQXU.html,0,0,3,4,0
A10HMPPHWI3V0A-B000H5TVKS.html,0,0,0,1,0
A10HMPPHWI3V0A-B000HCO840.html,2,2,3,5,0
A10HMPPHWI3V0A-B000HDR81E.html,0,0,2,3,1
A10HMPPHWI3V0A-B000HDZK1Y.html,0,1,1,13,1
A10HMPPHWI3V0A-B000HOMU98.html,0,7,2,8,0
A10HMPPHWI3V0A-B000I0FB1U.html,0,1,1,13,1
A10HMPPHWI3V0A-B000I186FW.html,1,4,1,0,0
A10HMPPHWI3V0A-B000I2J2WC.html,2,3,4,3,2
A10HMPPHWI3V0A-B000JCK3ZG.html,2,2,3,5,0
A10HMPPHWI3V0A-B000KC86F4.html,2,2,3,5,0
A10HMPPHWI3V0A-B000KKQNRO.html,2,3,4,3,2
A10HMPPHWI3V0A-B000NA22C6.html,1,4,4,4,0
A10HMPPHWI3V0A-B000R209NY.html,0,0,3,4,0
A10HMPPHWI3V0A-B001FZ9AAU.html,1,4,0,1,0
A10HMPPHWI3V0A-B001H20HVM.html,0,0,0,1,0
A10HMPPHWI3V0A-B001KEHAHQ.html,0,2,1,6,0
A10HMPPHWI3V0A-B001KZG99A.html,1,4,0,1,0
A10HMPPHWI3V0A-B001VPJZPO.html,0,2,1,6,0
A10HMPPHWI3V0A-B0028OA3EO.html,0,6,4,9,1
A10HMPPHWI3V0A-B0028OA3EY.html,0,6,4,9,1
A10HMPPHWI3V0A-B003008RWA.html,0,3,1,5,0
A10HMPPHWI3V0A-B003BZXHVK.html,2,2,3,5,0
A10HMPPHWI3V0A-B003BZXIEG.html,2,2,3,5,0
A10HMPPHWI3V0A-B004SEUJ0K.html,2,2,3,5,0
A10L8O1ZMUIMR2-0790742322.html,1,4,3,5,0
A10L8O1ZMUIMR2-0790742942.html,1,4,3,5,0
A10L8O1ZMUIMR2-0792140923.html,2,6,2,1,0
A10L8O1ZMUIMR2-1558908242.html,2,8,1,6,0
A10L8O1ZMUIMR2-630268644X.html,3,5,7,10,1
A10L8O1ZMUIMR2-6303953425.html,2,8,1,6,0
A10L8O1ZMUIMR2-630395345X.html,2,8,1,6,0
A10L8O1ZMUIMR2-630486342X.html,3,5,7,10,1
A10L8O1ZMUIMR2-B00000J2KX.html,0,3,6,1,0
A10L8O1ZMUIMR2-B00004WCLC.html,2,6,4,1,0
A10L8O1ZMUIMR2-B00005NDRZ.html,0,3,6,1,0
A10L8O1ZMUIMR2-B00005RDPT.html,2,0,1,1,0
A10L8O1ZMUIMR2-B00005V962.html,2,0,1,1,0
A10L8O1ZMUIMR2-B000065K25.html,3,5,7,10,1
A10L8O1ZMUIMR2-B000068TZZ.html,3,5,7,10,1
A10L8O1ZMUIMR2-B000068U00.html,3,5,7,10,1
A10L8O1ZMUIMR2-B000068U03.html,3,5,7,10,1
A10L8O1ZMUIMR2-B00006AL1C.html,2,5,3,2,0
A10L8O1ZMUIMR2-B00006AL1E.html,2,5,3,2,0
A10L8O1ZMUIMR2-B00006FMGW.html,2,2,0,0,0
A10L8O1ZMUIMR2-B00006FMGX.html,2,2,0,0,0
A10L8O1ZMUIMR2-B00008975Z.html,3,5,7,10,1
A10L8O1ZMUIMR2-B00008OWOF.html,2,2,0,0,0
A10L8O1ZMUIMR2-B000AAJTM0.html,2,8,1,6,0
A10L8O1ZMUIMR2-B000GOUMPI.html,0,3,6,1,0
A10L8O1ZMUIMR2-B000KX0ISG.html,3,5,7,10,1
A10L8O1ZMUIMR2-B001AQT0Z4.html,2,8,1,6,0
A10L8O1ZMUIMR2-B001EC2ISA.html,1,4,3,5,0
A10L8O1ZMUIMR2-B001EC2IT4.html,1,4,3,5,0
A10L8O1ZMUIMR2-B002GSXKP6.html,2,0,1,1,0
A10L8O1ZMUIMR2-B004TNKKY0.html,2,5,3,2,0
A10L8O1ZMUIMR2-B0054OGQM8.html,2,5,3,2,0
A10L8O1ZMUIMR2-B005T3AX6E.html,2,8,1,6,0
A10ODC971MDHV8-0767800117.html,1,3,0,1,0
A10ODC971MDHV8-078062565X.html,1,0,1,2,1
A10ODC971MDHV8-0784011923.html,1,2,0,2,0
A10ODC971MDHV8-0788812262.html,2,1,0,1,0
A10ODC971MDHV8-079213690X.html,2,0,0,2,0
A10ODC971MDHV8-0792838289.html,0,2,0,2,0
A10ODC971MDHV8-0800141709.html,0,0,1,1,0
A10ODC971MDHV8-080017948X.html,0,2,1,3,0
A10ODC971MDHV8-5553600715.html,0,2,0,2,0
A10ODC971MDHV8-5556167281.html,2,1,0,1,0
A10ODC971MDHV8-6300267938.html,0,3,0,0,0
A10ODC971MDHV8-6301231864.html,0,1,1,4,0
A10ODC971MDHV8-6301661745.html,0,5,1,1,0
A10ODC971MDHV8-6301777867.html,1,3,0,1,0
A10ODC971MDHV8-6301797965.html,1,1,1,0,0
A10ODC971MDHV8-6301972007.html,1,1,1,1,0
A10ODC971MDHV8-6301978277.html,0,4,0,0,0
A10ODC971MDHV8-630268644X.html,0,3,0,2,0
A10ODC971MDHV8-6302799066.html,0,0,1,1,0
A10ODC971MDHV8-6302842557.html,2,2,0,0,0
A10ODC971MDHV8-6303201962.html,0,3,1,0,0
A10ODC971MDHV8-6303566669.html,1,2,0,2,0
A10ODC971MDHV8-6303566677.html,1,2,0,2,0
A10ODC971MDHV8-6303686796.html,0,1,1,2,0
A10ODC971MDHV8-6304143192.html,1,3,0,1,0
A10ODC971MDHV8-6304198493.html,0,2,0,1,0
A10ODC971MDHV8-6304240554.html,0,3,0,2,0
A10ODC971MDHV8-6304497156.html,0,1,1,4,0
A10ODC971MDHV8-630450862X.html,0,3,0,2,0
A10ODC971MDHV8-630486342X.html,0,3,0,2,0
A10ODC971MDHV8-6304946597.html,2,2,0,0,0
A10ODC971MDHV8-6304994540.html,1,1,1,2,0
A10ODC971MDHV8-6305133107.html,0,3,0,0,0
A10ODC971MDHV8-6305576173.html,1,1,1,0,0
A10ODC971MDHV8-6305605165.html,1,4,0,1,0
A10ODC971MDHV8-6305622930.html,2,2,0,0,0
A10ODC971MDHV8-6305949972.html,0,2,0,1,0
A10ODC971MDHV8-B00000F6B7.html,0,3,1,0,0
A10ODC971MDHV8-B00000G0D3.html,2,1,0,1,0
A10ODC971MDHV8-B00000G0EC.html,1,2,0,2,0
A10ODC971MDHV8-B00000J2KS.html,1,1,0,2,0
A10ODC971MDHV8-B00000J2KX.html,0,4,1,0,0
A10ODC971MDHV8-B00003CXS4.html,0,1,0,3,0
A10ODC971MDHV8-B00004CIQG.html,0,0,1,1,0
A10ODC971MDHV8-B00004CK5O.html,1,2,0,0,0
A10ODC971MDHV8-B00004CLDC.html,1,2,0,1,0
A10ODC971MDHV8-B00004CO5P.html,1,3,0,1,0
A10ODC971MDHV8-B00004CX8I.html,1,2,0,1,0
A10ODC971MDHV8-B00004CX8P.html,0,3,0,0,0
A10ODC971MDHV8-B00004CXZS.html,0,3,1,0,0
A10ODC971MDHV8-B00004CYAE.html,2,1,0,1,0
A10ODC971MDHV8-B00004CZRQ.html,1,1,0,4,0
A10ODC971MDHV8-B00004CZSQ.html,0,1,1,2,0
A10ODC971MDHV8-B00004R6C5.html,0,2,1,0,0
A10ODC971MDHV8-B00004R6CG.html,0,1,1,2,0
A10ODC971MDHV8-B00004R6NR.html,1,2,0,2,0
A10ODC971MDHV8-B00004R99M.html,2,1,0,1,0
A10ODC971MDHV8-B00004RLHE.html,0,2,0,1,0
A10ODC971MDHV8-B00004RLX9.html,0,3,1,0,0
A10ODC971MDHV8-B00004RNRS.html,0,3,0,1,0
A10ODC971MDHV8-B00004RR63.html,1,2,0,2,0
A10ODC971MDHV8-B00004RYT1.html,0,2,0,2,0
A10ODC971MDHV8-B00004RYT2.html,1,1,0,0,0
A10ODC971MDHV8-B00004S5QI.html,2,2,0,0,0
A10ODC971MDHV8-B00004S5QK.html,0,4,0,0,0
A10ODC971MDHV8-B00004S5QQ.html,0,4,1,0,0
A10ODC971MDHV8-B00004U8NT.html,0,2,0,1,0
A10ODC971MDHV8-B00004VY0N.html,1,1,0,0,0
A10ODC971MDHV8-B00004VYLU.html,1,2,0,1,0
A10ODC971MDHV8-B00004VYPF.html,0,4,0,0,0
A10ODC971MDHV8-B00004WEJ4.html,0,4,1,0,0
A10ODC971MDHV8-B00004XPQ2.html,1,1,1,0,0
A10ODC971MDHV8-B00004Y3LP.html,1,2,0,2,0
A10ODC971MDHV8-B00004ZBGC.html,0,5,1,1,0
A10ODC971MDHV8-B00004ZBGE.html,0,5,1,1,0
A10ODC971MDHV8-B00004ZBGJ.html,0,5,1,1,0
A10ODC971MDHV8-B0000524CY.html,1,1,0,4,0
A10ODC971MDHV8-B000056BRF.html,2,1,0,1,0
A10ODC971MDHV8-B000056BRG.html,2,1,0,1,0
A10ODC971MDHV8-B000056IFI.html,1,2,0,2,0
A10ODC971MDHV8-B000056IFJ.html,1,2,0,2,0
A10ODC971MDHV8-B000057H8P.html,0,4,0,0,0
A10ODC971MDHV8-B000057VWQ.html,1,4,0,1,0
A10ODC971MDHV8-B00005AA0N.html,2,2,0,0,0
A10ODC971MDHV8-B00005ABTU.html,0,3,0,2,0
A10ODC971MDHV8-B00005ALRP.html,1,1,0,2,0
A10ODC971MDHV8-B00005BK3M.html,1,3,0,1,0
A10ODC971MDHV8-B00005IAY3.html,0,2,0,1,0
A10ODC971MDHV8-B00005JGO7.html,0,1,0,3,0
A10ODC971MDHV8-B00005JNCZ.html,1,1,0,2,0
A10ODC971MDHV8-B00005K3NR.html,0,3,0,2,0
A10ODC971MDHV8-B00005MFO8.html,0,5,1,1,0
A10ODC971MDHV8-B00005MHNI.html,1,1,0,2,0
A10ODC971MDHV8-B00005MP77.html,0,1,1,4,0
A10ODC971MDHV8-B00005NDRZ.html,0,4,1,0,0
A10ODC971MDHV8-B00005NOLV.html,0,5,1,1,0
A10ODC971MDHV8-B00005OM4Q.html,0,3,0,0,0
A10ODC971MDHV8-B00005PJ8O.html,2,2,0,0,0
A10ODC971MDHV8-B00005T30L.html,0,3,0,0,0
A10ODC971MDHV8-B00005U8EM.html,0,2,1,3,0
A10ODC971MDHV8-B00005UMYY.html,1,2,0,1,0
A10ODC971MDHV8-B00005UQZ5.html,1,1,0,2,0
A10ODC971MDHV8-B00005V9HH.html,0,2,0,1,0
A10ODC971MDHV8-B00005Y6Y2.html,0,1,1,4,0
A10ODC971MDHV8-B000063W1I.html,1,3,0,1,0
A10ODC971MDHV8-B0000640ZP.html,0,2,0,2,0
A10ODC971MDHV8-B000065K25.html,0,3,0,2,0
A10ODC971MDHV8-B000066RPF.html,1,1,1,1,1
A10ODC971MDHV8-B000067JG3.html,0,3,0,1,0
A10ODC971MDHV8-B000067JG4.html,0,3,0,1,0
A10ODC971MDHV8-B0000683U7.html,1,2,0,1,0
A10ODC971MDHV8-B000068TZZ.html,0,3,0,2,0
A10ODC971MDHV8-B000068U00.html,0,3,0,2,0
A10ODC971MDHV8-B000068U03.html,0,3,0,2,0
A10ODC971MDHV8-B0000696ID.html,1,3,0,1,0
A10ODC971MDHV8-B0000696IE.html,1,3,0,1,0
A10ODC971MDHV8-B000069AT7.html,1,3,0,1,0
A10ODC971MDHV8-B000069AT8.html,1,3,0,1,0
A10ODC971MDHV8-B000069I3K.html,1,3,0,1,0
A10ODC971MDHV8-B00006DEF9.html,0,4,0,0,0
A10ODC971MDHV8-B00006DEFA.html,2,2,0,0,0
A10ODC971MDHV8-B00006L9XJ.html,0,3,0,0,0
A10ODC971MDHV8-B00007976U.html,0,4,0,0,0
A10ODC971MDHV8-B00008975Z.html,0,3,0,2,0
A10ODC971MDHV8-B000089ARH.html,0,3,0,0,0
A10ODC971MDHV8-B00008FEEG.html,1,3,0,1,0
A10ODC971MDHV8-B00008T5OK.html,0,3,0,1,0
A10ODC971MDHV8-B00008VDAD.html,1,1,0,0,0
A10ODC971MDHV8-B0000CGD0X.html,0,4,1,0,0
A10ODC971MDHV8-B0000TPA4M.html,0,5,1,1,0
A10ODC971MDHV8-B0001DI0FI.html,0,3,0,1,0
A10ODC971MDHV8-B0001ZWN1S.html,0,4,1,0,0
A10ODC971MDHV8-B0002Z16HY.html,1,2,0,3,0
A10ODC971MDHV8-B0006419LE.html,0,5,1,1,0
A10ODC971MDHV8-B0006IWY0U.html,0,3,0,1,0
A10ODC971MDHV8-B0006Z2KOI.html,1,1,0,2,0
A10ODC971MDHV8-B0007TKOA0.html,1,1,0,1,0
A10ODC971MDHV8-B0007TKOAA.html,1,1,0,1,0
A10ODC971MDHV8-B0007TKOAK.html,1,1,0,1,0
A10ODC971MDHV8-B0007UVTAS.html,0,1,1,4,0
A10ODC971MDHV8-B0009ORFH8.html,0,1,1,4,0
A10ODC971MDHV8-B0009RCPUC.html,1,2,0,3,0
A10ODC971MDHV8-B000A2IPP0.html,1,3,0,1,0
A10ODC971MDHV8-B000BI5KV0.html,1,1,0,1,0
A10ODC971MDHV8-B000BQJO1Y.html,0,3,0,2,0
A10ODC971MDHV8-B000ELL1TE.html,0,1,0,3,0
A10ODC971MDHV8-B000F0V0LI.html,0,3,0,0,0
A10ODC971MDHV8-B000FA57NK.html,1,1,0,0,0
A10ODC971MDHV8-B000FKO0Q0.html,1,1,0,2,0
A10ODC971MDHV8-B000GOUMPI.html,0,4,1,0,0
A10ODC971MDHV8-B000HEWEJO.html,1,4,0,1,0
A10ODC971MDHV8-B000I3PERS.html,2,0,0,2,0
A10ODC971MDHV8-B000I9YX6U.html,0,4,0,0,0
A10ODC971MDHV8-B000ID37RM.html,0,2,1,0,0
A10ODC971MDHV8-B000JF9PSO.html,0,2,0,1,0
A10ODC971MDHV8-B000JLPMPS.html,0,3,0,0,0
A10ODC971MDHV8-B000KX0ISG.html,0,3,0,2,0
A10ODC971MDHV8-B000KX0ISQ.html,1,3,0,1,0
A10ODC971MDHV8-B000NI8F5G.html,0,4,0,0,0
A10ODC971MDHV8-B000NOK0GM.html,1,2,0,0,0
A10ODC971MDHV8-B000P0J0DI.html,0,3,0,0,0
A10ODC971MDHV8-B000Q678OO.html,1,1,0,2,0
A10ODC971MDHV8-B000VDDWEC.html,0,0,0,2,0
A10ODC971MDHV8-B000VECACG.html,0,2,0,1,0
A10ODC971MDHV8-B000WX5KA0.html,0,1,1,2,0
A10ODC971MDHV8-B000Z8GZYW.html,0,2,1,3,0
A10ODC971MDHV8-B000ZLJOW4.html,0,3,0,0,0
A10ODC971MDHV8-B0010DRYP0.html,1,2,0,1,0
A10ODC971MDHV8-B0010DRYPU.html,0,3,0,0,0
A10ODC971MDHV8-B0014J8D9Q.html,0,3,0,0,0
A10ODC971MDHV8-B00158K0S8.html,2,2,0,0,0
A10ODC971MDHV8-B0015QQKPC.html,1,1,0,0,0
A10ODC971MDHV8-B0017OB12O.html,1,1,1,0,0
A10ODC971MDHV8-B001992NW4.html,1,1,0,4,0
A10ODC971MDHV8-B001BN4WMW.html,2,0,0,2,0
A10ODC971MDHV8-B001EBWIRC.html,1,1,1,1,0
A10ODC971MDHV8-B001EBYM8A.html,1,1,0,2,0
A10ODC971MDHV8-B001EC0OQ8.html,1,1,1,1,0
A10ODC971MDHV8-B001G7Q0Z0.html,0,5,1,1,0
A10ODC971MDHV8-B001KEHAI0.html,0,2,1,3,0
A10ODC971MDHV8-B001KSLG40.html,0,1,1,4,0
A10ODC971MDHV8-B001OKKRVM.html,1,1,0,1,0
A10ODC971MDHV8-B001PO54V0.html,0,4,0,0,0
A10ODC971MDHV8-B001R6AW18.html,1,0,1,2,1
A10ODC971MDHV8-B001R6G34I.html,1,0,1,2,1
A10ODC971MDHV8-B001RJX870.html,1,2,0,3,0
A10ODC971MDHV8-B002GHHHMO.html,1,1,0,4,0
A10ODC971MDHV8-B002OSA3MQ.html,1,2,0,0,0
A10ODC971MDHV8-B002OSHN88.html,1,2,0,0,0
A10ODC971MDHV8-B002UOMGVU.html,1,2,0,1,0
A10ODC971MDHV8-B002VWOMMM.html,0,3,0,0,0
A10ODC971MDHV8-B002VWOMN6.html,2,2,0,0,0
A10ODC971MDHV8-B003ELMR9E.html,0,2,0,1,0
A10ODC971MDHV8-B003HARV4S.html,1,1,0,1,0
A10ODC971MDHV8-B003IGKDMI.html,1,2,0,1,0
A10ODC971MDHV8-B003IWZ1D8.html,0,2,0,2,0
A10ODC971MDHV8-B003UESJLK.html,1,3,0,1,0
A10ODC971MDHV8-B003WQT2YY.html,2,2,0,0,0
A10ODC971MDHV8-B003WTO5Y8.html,1,2,0,3,0
A10ODC971MDHV8-B003WTO61A.html,0,3,0,2,0
A10ODC971MDHV8-B003ZD9DQQ.html,1,2,0,3,0
A10ODC971MDHV8-B0045HCJ9E.html,1,2,0,1,0
A10ODC971MDHV8-B004SIP9B0.html,2,1,0,1,0
A10ODC971MDHV8-B004TJ1H1E.html,0,4,0,0,0
A10ODC971MDHV8-B004TRJRD6.html,1,1,0,4,0
A10ODC971MDHV8-B004V4RV1M.html,0,1,1,4,0
A10ODC971MDHV8-B004YRSC7I.html,1,2,0,1,0
A10ODC971MDHV8-B005OV0PS2.html,1,1,1,2,0
A10ODC971MDHV8-B007STBUHI.html,0,2,0,2,0
A10ODC971MDHV8-B007XF4J66.html,0,4,1,0,0
A10ODC971MDHV8-B007XF4J70.html,0,4,1,0,0
A10ODC971MDHV8-B0083SJFZC.html,0,3,0,0,0
A10ODC971MDHV8-B00871C09S.html,0,2,2,0,0
A10ODC971MDHV8-B0087ZG7UW.html,0,2,0,2,0
A10ODC971MDHV8-B008LY5VHE.html,0,2,0,2,0
A10ODC971MDHV8-B008YI91HS.html,1,2,0,2,0
A10X0JN8KTK89H-0780622553.html,1,7,3,4,0
A10X0JN8KTK89H-0790701251.html,1,2,1,6,0
A10X0JN8KTK89H-6304198493.html,0,7,0,2,0
A10X0JN8KTK89H-B00000J2KT.html,1,2,1,6,0
A10X0JN8KTK89H-B00000JKSV.html,1,2,1,6,0
A10X0JN8KTK89H-B00004CXVW.html,1,7,3,4,0
A10X0JN8KTK89H-B00004RO2M.html,1,2,1,6,0
A10X0JN8KTK89H-B00004RYI6.html,1,7,3,4,0
A10X0JN8KTK89H-B00005MHNS.html,1,2,1,6,0
A10X0JN8KTK89H-B00005OM4Q.html,1,4,2,13,0
A10X0JN8KTK89H-B00005V9HH.html,0,7,0,2,0
A10X0JN8KTK89H-B000065MQO.html,1,2,1,6,0
A10X0JN8KTK89H-B000089ARH.html,1,4,2,13,0
A10X0JN8KTK89H-B0002NIAZW.html,0,1,2,6,0
A10X0JN8KTK89H-B0006J240Y.html,0,5,1,6,0
A10X0JN8KTK89H-B0007QS21G.html,0,1,2,6,0
A10X0JN8KTK89H-B000A896J8.html,0,6,1,9,0
A10X0JN8KTK89H-B000FFL2RA.html,0,6,1,9,0
A10X0JN8KTK89H-B000HOMU98.html,1,2,1,6,0
A10X0JN8KTK89H-B000I9YUW2.html,0,5,1,6,0
A10X0JN8KTK89H-B000K2UVZM.html,0,3,1,26,1
A10X0JN8KTK89H-B000K2UVZW.html,0,3,1,26,1
A10X0JN8KTK89H-B000LC55F2.html,1,16,2,13,0
A10X0JN8KTK89H-B000MMMTAK.html,0,4,3,18,0
A10X0JN8KTK89H-B000Q99EAC.html,1,15,1,10,2
A10X0JN8KTK89H-B000T4349G.html,0,5,1,6,0
A10X0JN8KTK89H-B000VDDWE2.html,0,1,2,6,0
A10X0JN8KTK89H-B000VY1EYQ.html,1,8,3,13,0
A10X0JN8KTK89H-B0010HOZVW.html,2,4,1,9,0
A10X0JN8KTK89H-B0010T7R5G.html,1,7,3,4,0
A10X0JN8KTK89H-B0013AESMM.html,2,4,1,9,0
A10X0JN8KTK89H-B0018O4YSQ.html,1,7,3,4,0
A10X0JN8KTK89H-B001EBLX5K.html,0,4,3,18,0
A10X0JN8KTK89H-B001QH32CE.html,1,8,3,13,0
A10X0JN8KTK89H-B001RALGBO.html,0,1,2,6,0
A10X0JN8KTK89H-B001UV4XEM.html,2,3,0,3,0
A10X0JN8KTK89H-B001UV4XEW.html,2,3,0,3,0
A10X0JN8KTK89H-B00284BNKC.html,0,3,0,6,0
A10X0JN8KTK89H-B003ELMR9E.html,1,13,4,13,0
A10X0JN8KTK89H-B003SI2BNA.html,0,2,4,9,1
A10X0JN8KTK89H-B006H90TLI.html,2,6,1,11,0
A1129LM24YWSZV-B00005JOIH.html,1,5,2,12,0
A1129LM24YWSZV-B0002RGNRU.html,1,4,2,9,0
A1129LM24YWSZV-B0007IF19K.html,4,9,1,5,0
A1129LM24YWSZV-B0007NE5U6.html,0,2,1,8,0
A1129LM24YWSZV-B0007TKOA0.html,1,6,0,6,1
A1129LM24YWSZV-B0007TKOAA.html,1,6,0,6,1
A1129LM24YWSZV-B0007TKOAK.html,1,6,0,6,1
A1129LM24YWSZV-B000957O7S.html,1,5,0,9,0
A1129LM24YWSZV-B000957O82.html,1,5,0,9,0
A1129LM24YWSZV-B00096S49O.html,1,5,0,9,0
A1129LM24YWSZV-B000AE8L1Q.html,2,2,1,5,2
A1129LM24YWSZV-B000ARTN42.html,3,4,0,4,0
A1129LM24YWSZV-B000ASDG0I.html,2,5,2,9,0
A1129LM24YWSZV-B000EYK4KI.html,2,5,2,9,0
A1129LM24YWSZV-B000I9S5U0.html,3,4,0,4,0
A1129LM24YWSZV-B000ICZD6Q.html,2,11,2,12,0
A1129LM24YWSZV-B000J103OI.html,0,10,4,10,0
A1129LM24YWSZV-B000JLTR8Q.html,1,6,2,9,0
A1129LM24YWSZV-B000JLTR90.html,1,6,2,9,0
A1129LM24YWSZV-B000JSI7AI.html,1,8,4,11,0
A1129LM24YWSZV-B000JU7KAE.html,1,6,2,9,0
A1129LM24YWSZV-B000JU7KAO.html,1,6,2,9,0
A1129LM24YWSZV-B000MS3YXU.html,1,6,2,9,0
A1129LM24YWSZV-B000MXPE7O.html,4,10,3,19,0
A1129LM24YWSZV-B000MXPE7Y.html,4,10,3,19,0
A1129LM24YWSZV-B000N6U0DS.html,1,15,6,14,0
A1129LM24YWSZV-B000N6U0E2.html,1,15,6,14,0
A1129LM24YWSZV-B000OW77UU.html,1,15,6,14,0
A1129LM24YWSZV-B000QFCD7W.html,1,7,3,3,0
A1129LM24YWSZV-B000RJO58M.html,1,8,0,9,0
A1129LM24YWSZV-B000UIVRXG.html,1,8,0,9,0
A1129LM24YWSZV-B000VY1EYQ.html,5,7,0,8,1
A1129LM24YWSZV-B0014B8KSI.html,0,4,2,10,1
A1129LM24YWSZV-B0014CQNTK.html,1,7,2,13,1
A1129LM24YWSZV-B0014T5TAM.html,4,9,1,7,0
A1129LM24YWSZV-B0016Q2D66.html,0,9,2,4,0
A1129LM24YWSZV-B0017W8ODK.html,4,9,1,7,0
A1129LM24YWSZV-B001FZ9AAU.html,0,5,3,9,0
A1129LM24YWSZV-B001GJ7E9E.html,2,5,2,9,0
A1129LM24YWSZV-B001KZG99A.html,0,5,3,9,0
A1129LM24YWSZV-B001P9KR94.html,2,5,1,5,0
A1129LM24YWSZV-B001Q94TQ0.html,2,5,3,8,1
A1129LM24YWSZV-B001QH32CE.html,5,7,0,8,1
A1129LM24YWSZV-B001TAFCBC.html,1,4,2,9,0
A1129LM24YWSZV-B001UV4XEM.html,1,3,0,7,0
A1129LM24YWSZV-B001UV4XEW.html,1,3,0,7,0
A1129LM24YWSZV-B001YV5036.html,3,4,0,4,0
A1129LM24YWSZV-B002KGREJC.html,1,7,2,13,1
A1129LM24YWSZV-B002KGREJW.html,0,8,2,9,0
A1129LM24YWSZV-B003HARV4S.html,0,4,2,10,0
A1129LM24YWSZV-B00449DHN0.html,1,7,2,9,0
A1129LM24YWSZV-B00466H3DG.html,1,4,2,9,0
A1129LM24YWSZV-B004SUDQ22.html,1,9,3,9,0
A1129LM24YWSZV-B006RXQ6FM.html,0,8,3,11,0
A1129LM24YWSZV-B006RXQ800.html,1,7,2,9,0
A1129LM24YWSZV-B00867GKIK.html,2,4,2,7,0
A1129LM24YWSZV-B0087ZG7TS.html,4,9,1,7,0
A1129LM24YWSZV-B008PZZND6.html,1,8,4,11,0
A1129LM24YWSZV-B008V5OTW6.html,1,5,2,12,0
A11C43I615R52G-0788812262.html,2,4,3,10,1
A11C43I615R52G-5556167281.html,2,4,3,10,1
A11C43I615R52G-6303123236.html,3,12,4,8,0
A11C43I615R52G-7799122803.html,4,10,1,2,0
A11C43I615R52G-7883704540.html,7,12,3,4,0
A11C43I615R52G-B00004CYAE.html,2,4,3,10,1
A11C43I615R52G-B00004R99M.html,2,4,3,10,1
A11C43I615R52G-B00004RNRS.html,3,24,3,8,1
A11C43I615R52G-B00004S5QQ.html,2,9,2,3,0
A11C43I615R52G-B00004WEJ4.html,2,9,2,3,0
A11C43I615R52G-B00005JN4W.html,6,15,2,8,0
A11C43I615R52G-B00005V96B.html,4,11,2,8,0
A11C43I615R52G-B000067JG3.html,3,24,3,8,1
A11C43I615R52G-B000067JG4.html,3,24,3,8,1
A11C43I615R52G-B00006AL1C.html,6,23,3,11,0
A11C43I615R52G-B00006AL1E.html,6,23,3,11,0
A11C43I615R52G-B00008T5OK.html,3,24,3,8,1
A11C43I615R52G-B0000CGD0X.html,2,9,2,3,0
A11C43I615R52G-B0007A2GSM.html,6,15,2,8,0
A11C43I615R52G-B0007A2GSW.html,6,15,2,8,0
A11C43I615R52G-B000B7TLTI.html,6,15,2,8,0
A11C43I615R52G-B000H7I6CU.html,6,9,3,9,0
A11C43I615R52G-B000VBJEFK.html,7,12,3,4,0
A11C43I615R52G-B00267N3DQ.html,3,12,4,8,0
A11C43I615R52G-B002YCVX5S.html,3,7,0,2,0
A11C43I615R52G-B002ZG97YM.html,3,10,4,9,0
A11C43I615R52G-B003E48AYC.html,4,10,1,2,0
A11C43I615R52G-B003QTUQGU.html,4,10,1,2,0
A11C43I615R52G-B004RKXW0E.html,4,13,3,10,0
A11C43I615R52G-B004TNKKY0.html,6,23,3,11,0
A11C43I615R52G-B004U40NBS.html,4,14,6,3,0
A11C43I615R52G-B0054OGQM8.html,6,23,3,11,0
A11C43I615R52G-B005ZMUXDC.html,3,22,1,15,0
A11C43I615R52G-B007XF4J66.html,2,9,2,3,0
A11C43I615R52G-B007XF4J70.html,2,9,2,3,0
A11C43I615R52G-B00867GKIK.html,9,9,3,7,0
A11ED8O95W2103-079074404X.html,0,10,8,14,1
A11ED8O95W2103-6304056818.html,0,10,8,14,1
A11ED8O95W2103-B00004CXL8.html,0,2,2,9,0
A11ED8O95W2103-B00004CXZR.html,2,4,6,3,0
A11ED8O95W2103-B00005JKHP.html,2,4,6,3,0
A11ED8O95W2103-B00005JO1X.html,2,5,3,3,0
A11ED8O95W2103-B00005JPAR.html,0,4,0,2,0
A11ED8O95W2103-B00006GSJV.html,1,4,3,6,0
A11ED8O95W2103-B00008F27H.html,2,4,6,3,0
A11ED8O95W2103-B0002NIAZW.html,0,1,0,7,0
A11ED8O95W2103-B0006IIPIK.html,2,7,3,4,0
A11ED8O95W2103-B0007QS21G.html,0,1,0,7,0
A11ED8O95W2103-B000BI5KV0.html,0,4,3,16,0
A11ED8O95W2103-B000EBIP16.html,2,5,3,3,0
A11ED8O95W2103-B000EBIP1G.html,2,5,3,3,0
A11ED8O95W2103-B000FVQLQQ.html,1,4,3,6,0
A11ED8O95W2103-B000H7I6CU.html,0,8,4,14,1
A11ED8O95W2103-B000MQ54OO.html,1,12,9,20,0
A11ED8O95W2103-B000MQ54OY.html,1,12,9,20,0
A11ED8O95W2103-B000N6U0DS.html,1,5,4,8,0
A11ED8O95W2103-B000N6U0E2.html,1,5,4,8,0
A11ED8O95W2103-B000O77R6O.html,0,4,0,2,0
A11ED8O95W2103-B000OW77UU.html,1,5,4,8,0
A11ED8O95W2103-B000VDDWE2.html,0,1,0,7,0
A11ED8O95W2103-B001AII4TU.html,0,4,7,13,1
A11ED8O95W2103-B001F12J3Y.html,0,3,3,15,0
A11ED8O95W2103-B001FB55HQ.html,0,0,1,3,0
A11ED8O95W2103-B001FB55I0.html,0,0,1,3,0
A11ED8O95W2103-B001OKKRVM.html,0,4,3,16,0
A11ED8O95W2103-B001RALGBO.html,0,1,0,7,0
A11ED8O95W2103-B001SMC9IK.html,0,2,5,16,0
A11ED8O95W2103-B001VPJZ1I.html,1,4,3,6,0
A11ED8O95W2103-B002I9Z8G2.html,1,1,1,2,0
A11ED8O95W2103-B002OHDRF2.html,0,0,1,3,0
A11ED8O95W2103-B002RVCD0U.html,0,0,1,3,0
A11ED8O95W2103-B0047BXRB2.html,0,10,8,14,1
A11ED8O95W2103-B0055X0DJ0.html,0,1,2,4,0
A11ED8O95W2103-B0058Q4598.html,0,2,5,16,0
A11KRMIA0ES88I-078062565X.html,0,7,1,7,0
A11KRMIA0ES88I-079074404X.html,0,2,2,6,0
A11KRMIA0ES88I-0792140923.html,0,2,2,4,1
A11KRMIA0ES88I-6301661745.html,0,0,6,6,0
A11KRMIA0ES88I-6302842557.html,0,3,2,4,0
A11KRMIA0ES88I-6304056818.html,0,2,2,6,0
A11KRMIA0ES88I-6304286953.html,0,3,1,8,0
A11KRMIA0ES88I-6304539258.html,0,2,0,7,0
A11KRMIA0ES88I-6304675771.html,0,3,1,8,0
A11KRMIA0ES88I-B00000G0EC.html,0,3,4,7,0
A11KRMIA0ES88I-B00004CX83.html,0,3,6,4,0
A11KRMIA0ES88I-B00004R6NR.html,0,3,4,7,0
A11KRMIA0ES88I-B00004RLHE.html,0,3,3,4,0
A11KRMIA0ES88I-B00004S5QI.html,0,3,2,4,0
A11KRMIA0ES88I-B00004U8NT.html,0,3,3,4,0
A11KRMIA0ES88I-B00004VYLS.html,0,3,6,4,0
A11KRMIA0ES88I-B00004Y3LP.html,0,3,4,7,0
A11KRMIA0ES88I-B00004ZBGC.html,0,0,6,6,0
A11KRMIA0ES88I-B00004ZBGE.html,0,0,6,6,0
A11KRMIA0ES88I-B00004ZBGJ.html,0,0,6,6,0
A11KRMIA0ES88I-B00005IAY3.html,0,3,3,4,0
A11KRMIA0ES88I-B00005LC6V.html,0,3,1,8,0
A11KRMIA0ES88I-B00005MFO8.html,0,0,6,6,0
A11KRMIA0ES88I-B00005NOLV.html,0,0,6,6,0
A11KRMIA0ES88I-B00006DEFA.html,0,3,2,4,0
A11KRMIA0ES88I-B0000TPA4M.html,0,0,6,6,0
A11KRMIA0ES88I-B0002Z16HY.html,0,2,1,7,0
A11KRMIA0ES88I-B0006419LE.html,0,0,6,6,0
A11KRMIA0ES88I-B0009RCPUC.html,0,2,1,7,0
A11KRMIA0ES88I-B000E5KJI4.html,0,0,5,6,0
A11KRMIA0ES88I-B000JF9PSO.html,0,1,3,5,0
A11KRMIA0ES88I-B000MXJ7LS.html,0,6,6,7,0
A11KRMIA0ES88I-B000VECACG.html,0,3,3,4,0
A11KRMIA0ES88I-B0013YPEMG.html,0,3,6,4,0
A11KRMIA0ES88I-B001G7Q0Z0.html,0,0,6,6,0
A11KRMIA0ES88I-B001R6AW18.html,0,7,1,7,0
A11KRMIA0ES88I-B001R6G34I.html,0,7,1,7,0
A11KRMIA0ES88I-B001RJX870.html,0,2,1,7,0
A11KRMIA0ES88I-B001W6S0C6.html,0,3,6,4,0
A11KRMIA0ES88I-B002VWOMN6.html,0,3,2,4,0
A11KRMIA0ES88I-B003WQT2YY.html,0,3,2,4,0
A11KRMIA0ES88I-B003ZD9DQQ.html,0,2,1,7,0
A11KRMIA0ES88I-B0047BXRB2.html,0,2,2,6,0
A11KRMIA0ES88I-B005DVINPU.html,0,3,6,4,0
A11KRMIA0ES88I-B00871C0DO.html,0,3,1,8,0
A11KRMIA0ES88I-B008YI91HS.html,0,3,4,7,0
A11PTCZ2FM2547-0767800117.html,0,5,0,0,1
A11PTCZ2FM2547-0780625633.html,1,2,0,5,1
A11PTCZ2FM2547-0784011923.html,1,3,2,4,0
A11PTCZ2FM2547-6300267938.html,0,5,1,7,0
A11PTCZ2FM2547-6301208773.html,0,1,5,10,1
A11PTCZ2FM2547-6301777867.html,0,5,0,0,1
A11PTCZ2FM2547-6303212263.html,1,2,1,5,1
A11PTCZ2FM2547-6303566669.html,1,3,2,4,0
A11PTCZ2FM2547-6303566677.html,1,3,2,4,0
A11PTCZ2FM2547-6304432461.html,0,1,5,10,1
A11PTCZ2FM2547-6305133107.html,0,5,1,7,0
A11PTCZ2FM2547-630528069X.html,0,1,5,10,1
A11PTCZ2FM2547-B00000G0D3.html,2,4,3,3,0
A11PTCZ2FM2547-B00000G0EC.html,0,5,1,5,1
A11PTCZ2FM2547-B00000J2KX.html,0,1,1,5,1
A11PTCZ2FM2547-B00004CIPK.html,0,1,5,10,1
A11PTCZ2FM2547-B00004CO5P.html,0,5,0,0,1
A11PTCZ2FM2547-B00004CX8I.html,3,2,1,5,2
A11PTCZ2FM2547-B00004CX8P.html,0,5,3,9,0
A11PTCZ2FM2547-B00004R6C5.html,0,10,1,1,0
A11PTCZ2FM2547-B00004R6NR.html,0,5,1,5,1
A11PTCZ2FM2547-B00004RJ74.html,1,1,0,6,1
A11PTCZ2FM2547-B00004RLE7.html,0,1,5,10,1
A11PTCZ2FM2547-B00004RR63.html,1,3,2,4,0
A11PTCZ2FM2547-B00004RR8Z.html,0,3,2,7,1
A11PTCZ2FM2547-B00004RYT2.html,2,4,2,4,0
A11PTCZ2FM2547-B00004T0HK.html,1,2,0,5,1
A11PTCZ2FM2547-B00004VY0N.html,2,4,2,4,0
A11PTCZ2FM2547-B00004XPQ2.html,1,9,0,7,0
A11PTCZ2FM2547-B00004Y3LP.html,0,5,1,5,1
A11PTCZ2FM2547-B0000507OD.html,3,5,9,5,0
A11PTCZ2FM2547-B000053TZ6.html,3,5,9,5,0
A11PTCZ2FM2547-B000056BRF.html,2,4,3,3,0
A11PTCZ2FM2547-B000056BRG.html,2,4,3,3,0
A11PTCZ2FM2547-B000056IFI.html,1,3,2,4,0
A11PTCZ2FM2547-B000056IFJ.html,1,3,2,4,0
A11PTCZ2FM2547-B00005ALRP.html,0,4,0,5,0
A11PTCZ2FM2547-B00005JL78.html,0,2,2,6,1
A11PTCZ2FM2547-B00005JPO1.html,0,6,0,8,0
A11PTCZ2FM2547-B00005JPTK.html,1,5,1,8,0
A11PTCZ2FM2547-B00005K3LU.html,0,1,5,10,1
A11PTCZ2FM2547-B00005LF3B.html,1,5,5,7,0
A11PTCZ2FM2547-B00005LKLB.html,0,1,5,10,1
A11PTCZ2FM2547-B00005NDRZ.html,0,1,1,5,1
A11PTCZ2FM2547-B00005O06A.html,3,5,9,5,0
A11PTCZ2FM2547-B00005PJ8I.html,1,5,5,7,0
A11PTCZ2FM2547-B00005UQZ5.html,0,4,0,5,0
A11PTCZ2FM2547-B00005V9IJ.html,1,5,5,7,0
A11PTCZ2FM2547-B000065JDX.html,1,1,0,6,1
A11PTCZ2FM2547-B000069I3Y.html,0,4,1,7,0
A11PTCZ2FM2547-B00006AGHF.html,0,4,1,7,0
A11PTCZ2FM2547-B00006AGHG.html,0,4,1,7,0
A11PTCZ2FM2547-B00006FMGW.html,1,2,1,4,1
A11PTCZ2FM2547-B00006FMGX.html,1,2,1,4,1
A11PTCZ2FM2547-B00006GSJV.html,0,3,1,5,0
A11PTCZ2FM2547-B00006L9XJ.html,0,5,3,9,0
A11PTCZ2FM2547-B00006LLJ4.html,0,2,2,6,1
A11PTCZ2FM2547-B00007976U.html,0,2,3,4,2
A11PTCZ2FM2547-B00007FCTH.html,3,5,9,5,0
A11PTCZ2FM2547-B00008OWOF.html,1,2,1,4,1
A11PTCZ2FM2547-B00008VDAD.html,2,4,2,4,0
A11PTCZ2FM2547-B00009MEFI.html,0,2,3,6,1
A11PTCZ2FM2547-B00009MGEM.html,0,3,1,8,0
A11PTCZ2FM2547-B00009W0U0.html,0,3,1,8,0
A11PTCZ2FM2547-B00009W8QL.html,0,2,3,6,1
A11PTCZ2FM2547-B0000C24F3.html,0,3,2,7,1
A11PTCZ2FM2547-B0000DK4QJ.html,0,2,2,6,1
A11PTCZ2FM2547-B0000DK4QK.html,1,1,1,7,1
A11PTCZ2FM2547-B00012FXB8.html,0,3,2,7,1
A11PTCZ2FM2547-B0001DI0FI.html,0,6,0,5,0
A11PTCZ2FM2547-B0001EYTK2.html,0,3,1,8,0
A11PTCZ2FM2547-B0001ZWN1S.html,0,6,1,3,0
A11PTCZ2FM2547-B000260OGW.html,0,1,2,6,1
A11PTCZ2FM2547-B0002B15WE.html,0,1,5,10,1
A11PTCZ2FM2547-B0002KVUMK.html,1,3,2,8,1
A11PTCZ2FM2547-B0002KVUMU.html,1,3,2,8,1
A11PTCZ2FM2547-B0002NIAZW.html,0,2,3,11,3
A11PTCZ2FM2547-B0002ZUHD8.html,0,3,3,6,0
A11PTCZ2FM2547-B0006IJ5PM.html,1,17,1,9,0
A11PTCZ2FM2547-B0006IWY0U.html,0,6,0,5,0
A11PTCZ2FM2547-B0007P0Y7C.html,1,1,0,8,1
A11PTCZ2FM2547-B0007QS21G.html,0,2,3,11,3
A11PTCZ2FM2547-B000AE8L1Q.html,2,3,1,8,4
A11PTCZ2FM2547-B000ARTN42.html,2,12,1,6,0
A11PTCZ2FM2547-B000ASDG0I.html,0,0,6,8,1
A11PTCZ2FM2547-B000CC3TMM.html,0,4,11,7,0
A11PTCZ2FM2547-B000E1ZK50.html,1,3,2,8,1
A11PTCZ2FM2547-B000E5KJI4.html,1,3,2,7,1
A11PTCZ2FM2547-B000EGDAIY.html,0,3,0,7,2
A11PTCZ2FM2547-B000EWBKU8.html,0,1,5,10,1
A11PTCZ2FM2547-B000EYK4KI.html,0,0,6,8,1
A11PTCZ2FM2547-B000F0V0LI.html,0,5,1,7,0
A11PTCZ2FM2547-B000FA57NK.html,2,4,2,4,0
A11PTCZ2FM2547-B000FILV1Y.html,0,2,1,7,0
A11PTCZ2FM2547-B000FKO0Q0.html,0,4,0,5,0
A11PTCZ2FM2547-B000FS9FCQ.html,0,1,3,8,0
A11PTCZ2FM2547-B000FVQLQQ.html,0,3,1,5,0
A11PTCZ2FM2547-B000GOUMPI.html,0,1,1,5,1
A11PTCZ2FM2547-B000GUJYKG.html,0,1,5,10,1
A11PTCZ2FM2547-B000I186FW.html,0,1,3,8,0
A11PTCZ2FM2547-B000I2J2WC.html,0,4,1,6,1
A11PTCZ2FM2547-B000I2JKEC.html,1,2,1,5,1
A11PTCZ2FM2547-B000I66JQA.html,0,2,1,3,0
A11PTCZ2FM2547-B000I9S5U0.html,2,12,1,6,0
A11PTCZ2FM2547-B000I9U9CW.html,0,2,3,6,1
A11PTCZ2FM2547-B000I9X6UO.html,0,2,3,6,1
A11PTCZ2FM2547-B000I9YWMA.html,1,1,1,7,1
A11PTCZ2FM2547-B000I9YX6U.html,0,2,3,4,2
A11PTCZ2FM2547-B000ID37RM.html,0,10,1,1,0
A11PTCZ2FM2547-B000J103OI.html,2,4,0,7,1
A11PTCZ2FM2547-B000JGG6T4.html,0,4,0,6,0
A11PTCZ2FM2547-B000JLPMPS.html,0,5,3,9,0
A11PTCZ2FM2547-B000JSI7B2.html,1,1,1,7,1
A11PTCZ2FM2547-B000JUB7LM.html,1,3,1,10,0
A11PTCZ2FM2547-B000K7UG3O.html,0,2,1,7,0
A11PTCZ2FM2547-B000KKQNRO.html,0,4,1,6,1
A11PTCZ2FM2547-B000KX0ISQ.html,0,5,0,0,1
A11PTCZ2FM2547-B000M8X200.html,1,2,1,5,1
A11PTCZ2FM2547-B000MMMTAK.html,1,4,1,5,0
A11PTCZ2FM2547-B000MZHW1S.html,0,10,0,11,0
A11PTCZ2FM2547-B000NA22C6.html,0,2,2,5,1
A11PTCZ2FM2547-B000NIVJF4.html,2,4,1,9,1
A11PTCZ2FM2547-B000OVLBEO.html,0,2,4,8,0
A11PTCZ2FM2547-B000OVLBEY.html,0,2,4,8,0
A11PTCZ2FM2547-B000P0J0DI.html,0,5,3,9,0
A11PTCZ2FM2547-B000Q7ZND6.html,0,5,2,7,0
A11PTCZ2FM2547-B000Q99EAC.html,0,5,0,11,0
A11PTCZ2FM2547-B000QE1U9K.html,0,3,2,7,1
A11PTCZ2FM2547-B000QFCD7W.html,0,2,3,8,1
A11PTCZ2FM2547-B000SVZIS0.html,0,3,1,5,0
A11PTCZ2FM2547-B000USU9E4.html,0,4,1,7,0
A11PTCZ2FM2547-B000VDDWE2.html,0,2,3,11,3
A11PTCZ2FM2547-B000XJSL9U.html,0,1,1,9,1
A11PTCZ2FM2547-B000Y7WGP6.html,1,4,0,7,0
A11PTCZ2FM2547-B000YAF4MA.html,3,4,3,7,0
A11PTCZ2FM2547-B000YENUI6.html,0,7,1,6,0
A11PTCZ2FM2547-B000YH6YG8.html,1,2,0,5,1
A11PTCZ2FM2547-B000YHG72E.html,0,4,3,10,0
A11PTCZ2FM2547-B0010DRYPU.html,0,5,3,9,0
A11PTCZ2FM2547-B0011E5D2Y.html,0,4,0,12,2
A11PTCZ2FM2547-B0011NVCO8.html,0,6,0,7,1
A11PTCZ2FM2547-B0013FXWU6.html,0,7,0,4,1
A11PTCZ2FM2547-B0014J8D9Q.html,0,5,3,9,0
A11PTCZ2FM2547-B0015QQKPC.html,2,4,2,4,0
A11PTCZ2FM2547-B0017OB12O.html,1,9,0,7,0
A11PTCZ2FM2547-B001A4LYN2.html,0,7,0,4,1
A11PTCZ2FM2547-B001DHXT1G.html,0,0,1,8,1
A11PTCZ2FM2547-B001EBLX5K.html,1,4,1,5,0
A11PTCZ2FM2547-B001EBYM8A.html,0,4,0,5,0
A11PTCZ2FM2547-B001EC2IYE.html,1,3,1,10,0
A11PTCZ2FM2547-B001FFBI82.html,2,2,1,10,2
A11PTCZ2FM2547-B001FQMOCA.html,1,3,0,12,0
A11PTCZ2FM2547-B001FZ9AAU.html,2,3,4,6,1
A11PTCZ2FM2547-B001GJ7E9E.html,0,0,6,8,1
A11PTCZ2FM2547-B001IAME78.html,0,0,1,8,1
A11PTCZ2FM2547-B001JI7WTO.html,0,0,1,7,1
A11PTCZ2FM2547-B001JIAK66.html,1,3,2,8,1
A11PTCZ2FM2547-B001JIDE3M.html,0,0,1,7,1
A11PTCZ2FM2547-B001KZG99A.html,2,3,4,6,1
A11PTCZ2FM2547-B001L57ZZ6.html,0,2,4,11,0
A11PTCZ2FM2547-B001NI24OI.html,1,17,1,9,0
A11PTCZ2FM2547-B001RALGBO.html,0,2,3,11,3
A11PTCZ2FM2547-B001SMC9IK.html,0,1,5,10,1
A11PTCZ2FM2547-B001UV4XEM.html,0,1,1,7,1
A11PTCZ2FM2547-B001UV4XEW.html,0,1,1,7,1
A11PTCZ2FM2547-B001VPJZ1I.html,0,3,1,5,0
A11PTCZ2FM2547-B001YV5036.html,2,12,1,6,0
A11PTCZ2FM2547-B0026127Y8.html,0,0,0,6,1
A11PTCZ2FM2547-B0026JI1SG.html,1,3,1,10,0
A11PTCZ2FM2547-B0027WNRVI.html,1,3,2,8,1
A11PTCZ2FM2547-B002BVOYIA.html,0,5,0,7,0
A11PTCZ2FM2547-B002KGREJM.html,2,4,1,9,1
A11PTCZ2FM2547-B002KGREJW.html,0,1,0,4,1
A11PTCZ2FM2547-B002RILM00.html,0,1,1,8,1
A11PTCZ2FM2547-B002V0GZ9M.html,0,2,10,15,0
A11PTCZ2FM2547-B002VWOMMM.html,0,5,3,9,0
A11PTCZ2FM2547-B002YJHE36.html,0,2,7,8,1
A11PTCZ2FM2547-B002YJMMBA.html,0,2,7,8,1
A11PTCZ2FM2547-B00337KM2S.html,0,6,4,7,1
A11PTCZ2FM2547-B003EYVXT6.html,0,0,3,11,1
A11PTCZ2FM2547-B003F6WENW.html,0,4,0,12,2
A11PTCZ2FM2547-B003HARV4S.html,1,6,1,4,0
A11PTCZ2FM2547-B003ICOUVW.html,0,3,3,5,0
A11PTCZ2FM2547-B003KRGCTI.html,1,3,0,3,1
A11PTCZ2FM2547-B003PAXONC.html,1,5,1,8,0
A11PTCZ2FM2547-B003Y5USF0.html,0,3,0,7,0
A11PTCZ2FM2547-B003Y5USG4.html,0,3,0,7,0
A11PTCZ2FM2547-B0042AGNAK.html,0,2,4,8,0
A11PTCZ2FM2547-B004JOCU2O.html,1,2,2,8,2
A11PTCZ2FM2547-B0058Q4598.html,0,1,5,10,1
A11PTCZ2FM2547-B007STBUHI.html,1,5,2,3,0
A11PTCZ2FM2547-B0083SJFZC.html,0,5,3,9,0
A11PTCZ2FM2547-B0087ZG7KM.html,0,4,2,9,0
A11PTCZ2FM2547-B008LY5VHE.html,1,5,2,3,0
A11PTCZ2FM2547-B008YI91HS.html,0,5,1,5,1
A11PTCZ2FM2547-B009OMYASS.html,0,4,4,10,2
A11XKY4EIU2KNR-0790701251.html,1,3,0,1,0
A11XKY4EIU2KNR-079074404X.html,0,4,9,6,0
A11XKY4EIU2KNR-0792140923.html,0,0,0,4,0
A11XKY4EIU2KNR-5555672322.html,0,17,2,13,0
A11XKY4EIU2KNR-6301978277.html,0,4,0,2,0
A11XKY4EIU2KNR-6304056818.html,0,4,9,6,0
A11XKY4EIU2KNR-6305841861.html,0,7,5,5,0
A11XKY4EIU2KNR-B00000J2KT.html,1,3,0,1,0
A11XKY4EIU2KNR-B00000JKSV.html,1,3,0,1,0
A11XKY4EIU2KNR-B00004CJ2O.html,1,3,3,14,0
A11XKY4EIU2KNR-B00004RO2M.html,1,3,0,1,0
A11XKY4EIU2KNR-B00004XPQ6.html,0,0,0,2,0
A11XKY4EIU2KNR-B00004XPQ7.html,0,0,0,2,0
A11XKY4EIU2KNR-B000056C1T.html,0,0,0,2,0
A11XKY4EIU2KNR-B00005JMUK.html,0,3,3,4,0
A11XKY4EIU2KNR-B00005LC6Z.html,0,1,1,4,0
A11XKY4EIU2KNR-B00005MHNS.html,1,3,0,1,0
A11XKY4EIU2KNR-B000065MQO.html,1,3,0,1,0
A11XKY4EIU2KNR-B00006AUMG.html,0,0,1,2,1
A11XKY4EIU2KNR-B00006FMGE.html,0,2,1,4,0
A11XKY4EIU2KNR-B00006FMGF.html,0,2,1,4,0
A11XKY4EIU2KNR-B0000714HI.html,0,1,1,10,0
A11XKY4EIU2KNR-B00008FEEF.html,0,1,1,4,0
A11XKY4EIU2KNR-B00008G9AP.html,0,2,1,4,0
A11XKY4EIU2KNR-B00008G9AQ.html,0,2,1,4,0
A11XKY4EIU2KNR-B00009MGEM.html,0,1,2,1,0
A11XKY4EIU2KNR-B00009W0U0.html,0,1,2,1,0
A11XKY4EIU2KNR-B000127M62.html,0,10,6,16,0
A11XKY4EIU2KNR-B00018D454.html,0,6,4,5,0
A11XKY4EIU2KNR-B00018D45O.html,0,6,4,5,0
A11XKY4EIU2KNR-B0001EYTK2.html,0,1,2,1,0
A11XKY4EIU2KNR-B0001XQE7O.html,0,0,3,4,0
A11XKY4EIU2KNR-B0002ABUOI.html,0,10,4,11,0
A11XKY4EIU2KNR-B0002ABUP2.html,0,10,4,11,0
A11XKY4EIU2KNR-B0002ABUSY.html,0,10,4,11,0
A11XKY4EIU2KNR-B0002KVUMK.html,0,1,2,4,0
A11XKY4EIU2KNR-B0002KVUMU.html,0,1,2,4,0
A11XKY4EIU2KNR-B0002NIAZW.html,0,0,1,1,0
A11XKY4EIU2KNR-B0007QS21G.html,0,0,1,1,0
A11XKY4EIU2KNR-B0007QS21Q.html,0,0,7,2,0
A11XKY4EIU2KNR-B0008KLW4A.html,0,2,8,9,0
