,26,27,28,29,30,31,32,33,34,35,36,37,38,39,40,41,42,43,44,45,46,47,48,49,50
A100JCBNALJFAW,5,0,4,3,0,5,0,3,0,5,5,0,5,0,4,5,0,5,0,3,1,5,4,5,0
A106016KSI0YQ,0,4,0,2,0,3,2,0,0,0,0,4,4,0,2,0,0,0,1,3,2,3,0,0,4
A109LWN9DUGPDP,5,2,5,0,5,0,5,0,5,0,0,3,5,0,0,3,0,0,0,4,5,4,0,5,5
A10C5CJK1YKGV0,5,5,3,5,0,0,0,5,0,5,0,3,3,0,1,5,0,4,0,0,0,5,4,0,1
A10DB0H2NZF11E,5,0,0,4,5,3,0,4,5,0,4,5,4,0,5,4,5,4,5,5,0,4,0,4,2
A10E3F50DIUJEE,0,5,0,3,0,0,4,5,0,4,5,5,0,0,5,0,0,2,0,0,0,5,0,4,0
A10HMPPHWI3V0A,4,0,0,4,0,5,0,4,0,3,0,3,3,0,5,0,0,3,4,0,5,4,4,4,4
A10L8O1ZMUIMR2,0,5,5,0,5,0,5,0,0,0,0,2,0,0,0,3,0,0,0,0,0,5,0,0,0
A10ODC971MDHV8,5,5,5,5,5,0,5,5,5,5,5,5,5,5,5,5,5,5,5,0,5,5,5,5,5
A10X0JN8KTK89H,4,0,0,0,3,5,0,3,0,5,0,0,2,3,2,0,5,3,1,0,3,3,4,5,0
A1129LM24YWSZV,4,5,5,0,4,4,4,4,0,4,3,5,5,4,3,5,0,4,0,4,5,5,4,3,0
A11C43I615R52G,0,5,0,5,0,0,0,0,0,5,1,0,0,0,5,0,5,0,0,0,0,5,0,5,5
A11ED8O95W2103,0,0,0,0,0,0,0,0,0,4,5,0,5,0,0,0,2,2,0,0,3,0,4,4,3
A11KRMIA0ES88I,0,4,0,0,5,4,0,4,0,0,5,0,4,0,4,4,0,0,0,0,0,0,0,0,4
A11PTCZ2FM2547,3,5,4,4,5,4,3,4,4,4,5,4,4,3,4,4,4,3,4,4,3,4,3,4,4
A11XKY4EIU2KNR,0,4,0,4,3,4,3,4,5,0,5,5,5,0,5,0,2,0,4,0,2,3,0,0,2
A120GIT50UISJP,0,0,0,4,4,0,4,4,0,0,4,0,0,0,0,0,0,0,4,0,0,5,4,0,4
A126KX6FVI4T66,4,3,4,4,4,4,4,2,4,4,5,3,4,3,4,2,3,3,3,3,3,3,5,4,3
A129YBX5BVNW2,0,5,0,5,5,0,0,0,5,5,0,4,0,0,5,0,5,0,0,0,4,5,0,4,0
A12A8LU93A132U,0,0,0,0,0,0,0,3,4,0,0,4,4,4,4,0,0,3,0,3,3,0,0,4,0
A12IDQSS4OW33B,0,0,3,5,0,0,5,4,0,0,0,3,5,0,0,5,4,4,4,0,5,4,5,5,0
A12IRGQLFE4EBA,4,0,0,5,4,5,0,3,0,4,4,4,3,0,0,0,4,0,5,0,0,5,0,3,0
A12X2J7AVZ04IQ,5,4,5,5,5,5,5,5,5,5,5,5,5,5,4,5,5,5,4,5,5,5,5,5,5
A132ETQPMHQ585,0,5,0,0,0,0,0,0,0,5,0,0,0,0,0,0,5,0,5,0,0,0,0,5,0
A138826JMC0J3T,0,4,0,0,0,0,0,0,4,4,0,5,5,0,1,0,0,0,0,4,0,5,0,0,0
A139ZF7CJVVTJU,3,0,4,4,0,2,0,3,2,3,3,0,0,0,0,5,5,3,0,4,3,1,3,3,5
A13D1WTFEMS9VH,0,5,0,0,4,3,0,0,4,2,0,5,0,3,2,0,0,0,2,0,0,4,0,0,0
A13DQTXG02HZC1,3,4,4,4,4,4,4,4,4,4,3,2,3,4,4,4,4,0,4,4,4,4,0,0,4
A13E0ARAXI6KJW,5,4,4,4,4,4,3,4,5,4,3,4,4,4,5,5,4,4,4,4,5,4,4,4,4
A13F2IV3ME23R,0,4,5,5,4,3,5,3,0,5,0,5,4,5,2,0,5,5,5,0,5,0,4,0,4
A13H2JJ3GEMJN1,0,0,0,0,0,0,0,0,4,0,0,0,4,0,5,0,0,4,0,0,0,0,0,5,0
A13H7Q4JVK6DTV,0,5,0,5,0,5,0,4,5,0,5,0,4,0,0,0,4,0,0,0,0,4,0,5,0
A13IKSGDYNBNQS,4,5,4,4,5,5,4,4,4,5,5,3,3,5,4,5,4,4,4,4,3,4,5,4,3
A13KXWTN0DT878,0,0,0,0,0,0,0,5,0,0,5,5,0,0,0,0,4,5,0,0,4,4,0,0,5
A13OMT8D4GPIBV,5,5,5,5,5,4,5,4,3,0,5,5,5,5,5,5,5,4,5,3,0,5,5,5,5
A13RM1AWD1C5ZR,0,4,0,0,4,0,4,0,0,0,0,0,4,4,0,0,3,4,0,0,3,0,0,0,0
A13TO1ZFAH9SVN,4,2,0,4,5,5,5,0,0,0,5,0,5,0,5,0,5,0,0,5,5,4,0,4,0
A140XH16IKR4B0,4,5,5,4,4,4,0,4,2,4,0,5,4,4,4,5,3,0,3,0,3,5,4,4,5
A141HP4LYPWMSR,4,3,0,4,5,5,0,5,4,4,4,4,4,4,3,5,5,4,3,2,4,4,4,5,4
A1435P5AMCPB3X,5,0,5,4,3,5,0,4,5,5,0,0,4,0,4,4,4,3,2,3,4,0,4,4,3
A146D2LYLICNLS,0,4,0,0,3,5,0,2,0,3,4,5,5,0,0,0,5,2,5,4,4,0,0,3,4
A146H6A41B26QT,5,0,5,5,5,4,2,4,0,4,0,4,0,5,0,0,0,0,0,0,0,0,5,2,0
A14Q6R4481YFFG,0,3,5,5,5,0,0,0,4,4,0,4,0,3,2,4,4,3,0,3,2,4,0,0,0
A14Z0Q1DU6CBJJ,2,0,2,2,5,3,4,4,5,4,0,5,3,5,4,4,0,3,3,3,2,0,3,4,3
A152C8GYY25HAH,4,3,3,4,5,4,4,3,4,4,4,4,5,5,2,0,4,5,2,4,3,4,4,3,4
A1534MBU6VJXYN,0,5,4,5,5,5,0,5,5,5,5,0,5,0,0,5,5,5,0,5,0,0,5,5,0
A153NZD2WZN5S3,3,0,4,4,4,0,3,5,4,4,0,0,0,3,4,0,0,3,0,0,0,4,0,0,3
A155KXFRZCA7C,4,5,0,0,4,0,4,1,5,5,3,4,4,0,0,0,3,0,0,0,4,0,4,0,0
A155X6KYOPQEZ5,0,5,0,0,0,0,0,0,5,0,0,0,5,0,5,0,0,5,0,0,5,5,1,0,5
A157XTSMJH9XA4,0,0,0,0,0,0,0,5,5,0,4,5,5,0,0,0,5,0,0,0,5,0,0,0,0
A15G70V9OBTOVO,4,0,0,4,4,3,0,3,4,0,0,0,0,0,3,0,0,4,1,4,1,4,4,4,0
A15MLF38WROSWU,3,0,0,4,0,0,4,1,3,4,0,0,0,0,4,0,0,0,4,0,0,2,3,0,0
A15Q7ABIU9O9YZ,2,5,5,0,4,5,5,2,5,5,3,4,5,0,0,0,0,0,5,5,4,5,5,5,0
A15Q9YEG1XPEJN,2,0,0,4,0,4,0,3,4,0,2,0,4,1,2,0,0,0,4,4,4,2,3,2,0
A15TNUM2PBS6F0,3,0,0,0,0,4,0,5,1,4,0,0,0,0,0,0,4,4,0,0,0,5,0,4,0
A15U64VGUV6RBF,0,5,0,0,5,0,0,5,0,5,0,0,4,0,5,0,4,4,0,0,4,0,0,0,4
A15YPJLKLZS0MK,2,3,0,4,3,3,3,3,2,2,2,0,3,5,2,3,3,2,3,0,0,0,4,0,0
A161ANWB62G3M8,0,5,4,4,4,0,0,4,5,4,0,0,0,4,3,5,5,4,0,5,3,5,5,0,5
A1655SGPPUUCRP,4,0,5,0,0,3,0,3,0,3,0,5,5,0,5,0,0,4,0,0,4,5,4,5,0
A168VXSISJWQN9,5,5,0,3,0,0,0,3,0,2,4,4,3,0,0,0,0,3,0,0,0,0,5,4,0
A169I83JL8QJGN,0,0,0,0,0,0,3,1,0,0,0,4,5,2,0,0,0,0,5,0,3,3,4,4,3
A16CZRQL23NOIW,4,5,4,5,4,5,4,5,5,5,5,4,4,5,4,5,5,4,4,5,4,4,4,4,5
A16FUU8WW76QFY,1,3,1,0,4,0,3,1,0,5,4,2,0,5,3,0,0,0,0,4,0,4,4,2,0
A16GAIJJE39T1S,5,0,0,0,0,0,4,0,4,3,0,5,5,4,0,5,0,0,0,5,5,5,0,4,5
A16IXZW2A0NFR6,5,1,1,3,3,2,2,2,4,4,0,0,0,0,0,5,0,0,5,0,0,0,4,5,0
A16KRCLLTHSB5F,0,4,5,0,4,5,4,0,0,0,5,0,0,0,0,0,0,0,0,0,3,5,5,0,0
A16Q1LYIDE2WDZ,0,0,0,0,0,0,0,2,1,0,5,4,0,3,0,0,0,0,3,0,0,2,5,4,2
A16QJ649N8PRV,4,0,0,5,5,5,0,0,0,0,0,0,0,0,5,5,5,4,5,4,5,5,0,5,0
A16QODENBJVUI1,5,5,5,5,5,5,4,4,4,5,5,3,4,4,4,5,5,4,4,5,4,5,4,2,5
A16X61RLY1YJL7,5,5,5,0,0,0,5,0,5,5,5,0,5,5,4,0,5,5,5,5,5,5,0,5,0
A16XRPF40679KG,3,5,1,3,5,0,4,4,5,0,5,0,5,0,5,4,3,3,0,4,0,4,4,4,4
A16YCLRKOU0EV3,0,0,0,0,0,0,0,0,0,0,0,0,5,0,5,0,5,0,0,0,5,0,0,5,0
A175GIISFGGO31,0,5,0,4,0,4,0,0,4,4,5,0,0,5,5,0,0,0,5,0,0,0,4,0,4
A17BT73RVRQYSP,0,0,4,5,5,0,0,4,0,5,0,0,0,5,5,0,4,5,0,4,4,3,4,5,4
A17D77DFID0GZG,5,0,5,0,0,3,0,0,3,0,0,0,4,0,0,0,0,0,0,4,0,0,0,0,0
A17FLA8HQOFVIG,4,5,5,4,4,4,4,5,4,4,4,4,4,4,4,5,3,5,5,3,5,5,4,5,5
A17JVVAKWEB0M,0,5,5,0,3,4,0,0,0,5,5,5,4,0,4,5,0,0,5,0,0,0,4,0,5
A17LEYMZI8OYOQ,5,0,0,5,0,5,4,4,0,5,0,0,0,5,3,0,0,5,4,0,0,0,0,5,5
A17N23WXA7EAF,3,0,0,0,5,3,5,5,0,5,0,0,0,5,0,5,0,5,0,0,0,2,0,0,0
A17NFLRFTMYXF5,5,5,5,5,4,0,0,0,5,0,5,0,0,0,5,0,0,0,0,0,0,5,0,5,0
A17NVM7IAPF2NS,0,0,0,0,0,0,0,5,1,1,4,0,2,2,0,5,0,0,4,3,2,0,0,5,0
A17O7AGDZPOJSS,0,5,5,4,5,0,0,4,5,5,5,0,0,5,0,0,0,0,0,0,0,0,0,0,0
A1845IJB63D5H7,0,0,0,0,5,4,5,4,0,0,5,3,0,4,5,0,5,0,1,5,0,5,0,5,0
A185QFJRTB5W93,1,5,4,5,4,4,0,1,1,5,4,0,0,0,5,0,4,0,5,0,1,2,0,4,3
A18758S1PUYIDT,4,4,5,3,3,3,5,4,4,4,2,3,4,3,5,5,3,4,4,0,3,4,3,3,5
A18BD98SU49UB7,4,5,0,3,0,5,0,5,0,4,4,0,5,0,0,5,0,5,0,4,4,5,0,0,5
A18CMGIQZ1OAA2,0,5,0,0,4,5,0,0,0,5,0,0,0,0,5,0,0,0,4,0,0,0,0,0,1
A18CRS4FLVH5YW,0,4,0,0,0,1,5,3,0,5,4,3,0,0,0,0,1,2,0,0,4,3,4,0,5
A18G7GG53G2X8A,5,5,4,4,4,4,5,4,5,4,4,5,4,5,4,4,4,4,4,0,4,4,4,4,4
A18GP1PWVTKXQQ,3,0,3,1,2,0,3,3,0,2,0,3,0,2,1,0,2,2,0,3,0,2,0,0,3
A18HHKM6WGEF9D,0,0,0,0,5,0,0,4,0,0,0,5,0,0,0,0,4,4,0,0,0,4,3,0,0
A18IK6YI6T3RK2,4,3,3,3,4,3,0,3,4,4,4,4,5,5,5,4,4,4,4,3,4,4,4,4,4
A18M68DE1Y6W51,0,5,0,0,0,2,0,0,0,5,0,0,0,0,4,0,0,0,0,5,4,5,5,0,0
A18MBO1U4DPY20,3,5,4,4,4,4,3,3,4,4,4,2,4,0,4,3,3,3,5,2,4,4,3,1,0
A18OUQEK7IZ2F2,5,0,0,5,0,0,0,0,0,4,0,0,0,0,4,4,0,5,2,0,0,0,0,0,5
A18RQ2URRGIIEA,4,5,0,0,0,4,0,5,0,3,5,0,4,5,0,5,4,4,0,4,5,4,4,5,5
A18SDN3HYFVH2L,0,0,0,0,0,0,5,3,0,3,0,5,0,5,0,0,0,3,0,4,4,3,2,0,0
A192KEPM0HW6AC,2,0,0,0,1,2,0,0,0,2,0,0,5,5,5,2,0,5,0,0,0,5,0,4,0
A19JYLHD94K94D,0,3,5,5,0,4,5,0,0,3,0,5,0,0,0,5,5,0,4,0,0,0,0,0,0
A19OQ7LWE2YJL3,3,0,0,5,1,3,0,4,0,3,1,2,0,5,4,2,0,1,2,3,4,4,4,0,3
A19V0VJMKKRMC8,5,5,5,5,5,4,5,4,0,5,0,1,4,0,5,2,5,5,0,4,5,5,5,5,5
A19VMQDCB4HZ9P,5,0,5,4,4,5,4,4,3,2,0,0,5,4,4,4,5,0,0,0,0,5,5,5,5
A19ZXK9HHVRV1X,4,3,4,3,3,3,3,3,3,4,2,3,3,4,3,3,3,4,3,3,3,3,3,3,3
A1A535W556ROBQ,5,5,0,3,3,0,0,4,2,4,0,2,4,0,4,2,4,4,0,3,0,5,3,0,3
A1A69DJ2KPU4CH,5,5,0,5,0,0,0,0,0,0,1,1,1,0,5,0,0,5,0,3,5,5,1,0,1
A1A87TUBBDPMF0,0,5,5,5,0,0,0,0,3,0,0,0,5,5,4,5,0,0,0,0,4,0,0,5,0
A1ADG449ZNEO6Y,3,0,0,0,3,4,0,4,0,3,0,4,4,0,4,0,0,0,4,4,3,0,3,3,4
A1AFXJ8U72MD6L,4,0,4,3,4,5,4,4,5,4,0,2,4,0,4,4,3,4,0,3,3,4,3,3,4
A1AISPOIIHTHXX,4,4,5,4,4,4,4,3,4,4,4,4,5,5,5,5,3,4,3,4,4,4,4,5,4
A1ALOIPRR8Q06J,3,5,2,3,3,0,0,2,4,2,5,3,0,3,5,5,3,1,0,4,2,5,2,2,2
A1AMVA4R3G58TV,5,0,5,0,0,4,5,5,5,5,0,4,0,0,5,0,0,0,3,4,5,5,0,5,0
A1AUOVXPT5MYX4,5,5,5,0,4,4,0,4,3,0,5,0,0,0,0,0,0,0,0,4,0,4,0,5,0
A1AXHNRDJEQ0B,0,2,0,4,5,0,4,0,5,5,0,5,4,0,0,0,0,0,0,0,0,5,0,5,0
A1AYN3IIUNQCIA,0,5,4,0,5,4,5,5,5,5,0,5,0,5,5,5,0,5,5,5,5,5,5,5,5
A1B05INWIDZ74O,0,3,5,4,5,4,4,4,1,4,0,0,4,5,3,0,0,4,5,0,4,4,3,4,0
A1B350OHYHQTGX,0,0,0,3,5,0,0,0,4,0,0,0,5,0,0,0,0,0,0,0,4,0,4,0,0
A1B8HI3VREI1H3,0,5,3,0,0,0,0,5,0,0,0,0,5,5,5,0,0,0,4,0,5,0,0,0,0
A1BA72K4VK1UN1,0,0,3,0,0,3,5,0,0,0,5,0,5,5,5,2,0,0,0,0,0,0,4,0,3
A1BE1OKY80FUBH,3,0,0,4,0,0,0,0,0,4,5,3,4,0,0,0,0,2,0,0,0,0,0,5,5
A1BJJVV2B5VLUQ,0,0,0,0,3,1,0,1,5,0,0,3,4,0,5,5,0,5,5,0,3,0,5,0,0
A1BJOEQSRX2IBM,5,0,0,5,0,5,0,0,0,4,5,0,4,0,5,5,0,5,0,5,0,0,0,5,0
A1C0PHJN6AUZT6,0,5,0,5,5,0,0,3,4,0,5,5,5,0,5,0,0,4,0,5,0,3,5,0,0
A1C2P5HX5RLPAX,4,0,0,4,0,5,0,4,0,4,4,3,0,0,0,5,0,4,5,0,5,0,4,4,4
A1C58YXM2A30CY,5,3,0,5,4,4,4,5,5,4,5,4,4,0,4,5,4,3,3,5,4,5,4,4,0
A1C7BWPATO40VA,0,2,0,0,0,0,0,0,3,0,2,0,0,3,3,0,0,0,4,0,0,3,4,0,0
A1C80B497LCYKA,3,0,0,5,4,0,0,3,4,5,0,3,1,0,5,5,3,0,0,0,0,0,5,3,4
A1C9GCHR99WX3F,0,4,0,0,0,0,0,0,0,4,5,4,0,0,4,5,5,4,0,0,4,0,5,5,0
A1CDNTB7377YH2,4,4,5,3,4,4,4,4,4,5,3,3,5,5,5,5,4,4,4,5,4,4,4,3,4
A1CDZNPO7U4E6N,5,5,0,1,5,5,0,3,3,5,5,0,2,0,2,0,0,0,3,4,5,4,4,5,0
A1CIW2OEVAJRM2,0,4,0,5,0,0,0,4,5,3,4,0,5,0,4,5,0,4,0,4,0,0,0,3,0
A1CLHLW9PFKG9Q,3,4,0,4,1,3,0,5,0,4,4,2,2,0,4,0,4,3,4,5,2,3,1,0,0
A1COG8T9MPP3KA,0,3,0,1,0,4,2,3,0,4,5,0,0,0,3,0,3,0,2,0,1,0,0,4,0
A1COQ2DOO1O9HD,2,5,4,0,5,5,0,5,5,0,4,0,0,5,0,5,4,0,0,0,0,0,0,0,0
A1COW0UIB5HA9J,5,5,5,5,5,5,5,5,5,5,5,5,5,0,5,0,4,5,5,5,5,5,4,4,5
A1CQON0P01BITL,5,5,0,0,3,4,0,0,0,4,0,3,5,3,0,0,5,0,4,0,4,3,3,0,0
A1CYOHNGQ1WED1,2,4,4,3,4,3,0,3,3,2,0,2,4,0,4,0,3,0,0,3,3,3,3,3,0
A1CYRTQ04LYI55,4,0,0,5,0,0,0,5,5,0,5,0,0,5,5,4,0,0,0,0,0,0,3,4,5
A1CZICCYP2M5PX,5,5,0,0,4,5,0,4,5,4,4,4,0,0,4,0,5,4,0,0,4,5,0,0,5
A1D2C0WDCSHUWZ,5,4,5,4,4,0,3,5,4,3,5,5,4,5,5,5,5,4,3,3,4,4,3,4,5
A1D2ZN57YG2NMH,4,3,5,4,5,3,5,4,5,5,0,5,5,5,0,5,3,5,5,5,5,5,4,4,0
A1D3XQC2DIT,4,4,0,3,4,5,0,0,5,4,0,3,3,0,4,4,5,4,3,5,4,0,3,4,0
A1DAOL3NMHEPLS,4,3,4,4,4,3,4,3,0,4,2,0,3,0,3,5,0,3,0,3,0,3,3,4,3
A1DK5AZMXS1QA3,4,5,4,4,4,4,0,5,4,4,4,5,3,0,3,3,3,3,3,0,4,3,4,4,4
A1DRKVXO300RUE,0,0,0,0,5,4,3,0,1,4,1,0,5,0,4,0,0,4,0,5,0,3,3,5,4
A1DTCJV6KOMJOA,5,3,5,5,0,0,0,0,4,0,5,0,0,0,0,5,0,0,0,0,0,5,0,5,0
A1DZKOOMMJM1MI,4,5,0,5,4,5,3,3,2,4,5,4,5,0,4,4,5,0,5,5,4,4,4,0,4
A1E0RPGCXS4L2G,0,4,0,0,0,0,0,0,5,0,0,0,0,4,0,0,0,0,0,4,4,3,0,0,0
A1E11HKN4IRY09,0,3,2,0,3,0,2,2,3,0,0,3,0,0,0,0,3,2,5,0,0,0,0,0,3
A1E15WYG9C47X1,0,4,0,5,5,0,5,5,0,0,0,0,4,0,0,5,5,0,4,0,0,4,0,0,3
A1E85KPLPYVW8E,0,2,0,4,0,3,0,3,4,0,0,0,0,0,5,0,0,0,4,3,0,4,3,3,0
A1EARN5PUVIF1S,0,0,0,3,4,0,4,5,0,1,0,1,2,0,1,0,3,0,5,4,0,5,0,2,5
A1EBJ93E1T50RT,4,0,0,4,0,0,0,4,0,5,0,4,0,4,4,0,0,0,0,5,0,0,2,0,0
A1EFS5PV3HOFDI,5,0,5,5,5,2,5,0,0,2,0,0,0,5,0,0,3,0,0,0,0,0,5,5,5
A1EGDRTJYF3AZK,0,5,0,4,0,0,5,0,0,0,5,4,0,5,0,0,5,5,0,0,0,0,4,5,0
A1EHTFVSD0H7I6,0,4,4,0,4,0,0,0,0,4,0,0,0,4,4,0,0,4,3,0,3,4,4,4,4
A1EI65WJC85U68,4,0,0,0,0,0,4,0,5,3,5,0,0,4,0,0,3,4,3,3,0,4,0,3,0
A1EKA9XSI641C9,0,0,0,0,4,0,2,4,5,4,0,2,0,5,0,0,4,0,0,3,5,4,3,0,2
A1EMDSTJDUE6B0,4,4,5,5,5,5,5,4,5,5,0,4,4,0,4,5,3,4,5,5,4,0,5,5,0
A1EOLRV216BXJ9,4,5,0,5,0,0,0,0,0,5,0,0,5,4,3,5,0,4,3,0,4,5,4,4,5
A1ER5AYS3FQ9O3,4,0,4,0,0,5,0,3,0,4,4,4,4,0,3,0,0,4,5,5,2,4,0,5,4
A1ER6IYOMM8VCT,4,5,4,4,5,4,5,4,5,4,4,3,4,5,4,5,4,3,4,5,3,4,4,4,4
A1EZMV5DSWU8TU,0,0,0,0,0,0,4,4,0,0,0,0,0,0,0,0,3,4,0,0,5,0,0,5,4
A1F1FOR46702YF,0,5,4,4,0,0,0,5,0,5,0,0,4,0,5,5,0,0,4,0,5,0,0,4,5
A1F2EYORWOZ3G1,4,0,0,0,1,0,4,5,5,2,0,4,0,0,0,0,0,0,3,0,0,5,3,0,5
A1FCWRSICTO2AH,3,0,4,4,5,3,2,4,3,0,1,3,4,0,3,0,0,0,4,3,2,3,4,3,3
A1FDW1SPYKB354,5,0,0,0,5,0,5,0,5,0,5,0,5,0,5,0,0,5,0,0,4,0,0,5,0
A1FFPPPIOSI36M,2,3,0,0,4,3,2,1,3,2,0,4,0,4,0,0,0,2,0,4,0,3,0,3,0
A1FG91CM8221X1,4,4,5,5,5,5,5,0,4,4,5,4,5,5,3,5,5,5,5,4,4,4,3,5,5
A1FMJJKSVQDDQ,5,4,4,5,5,5,4,4,5,3,5,4,5,3,4,5,5,5,0,5,5,5,4,4,0
A1FNES0QEBJZD1,0,4,0,4,3,5,4,3,4,0,0,0,0,0,5,0,5,0,4,5,0,5,5,5,5
A1FS9R0JXHLHEG,4,4,5,5,5,0,0,0,0,3,5,0,0,0,0,0,0,0,0,0,4,0,0,5,0
A1FZA9C5MVIWHE,0,0,0,0,0,0,0,3,0,0,0,0,5,0,5,0,5,5,5,0,5,0,4,0,0
A1G0VFQ9198IUF,0,5,1,0,5,0,5,5,0,0,0,0,0,5,3,0,5,0,0,0,5,5,0,5,5
A1G5LJ8T1IGYC5,0,4,4,4,0,4,3,3,0,5,4,4,0,4,5,0,5,4,0,4,4,4,0,4,0
A1G5Q9HBN0EGDV,0,0,0,5,0,0,0,0,5,5,5,0,0,0,5,5,0,0,5,5,0,0,0,0,0
A1G69BQLIUMWPN,2,0,0,0,0,5,5,4,0,3,3,5,0,0,4,0,0,3,4,0,0,4,3,0,0
A1G9FX1KV45N41,0,0,4,0,5,3,0,0,5,5,0,0,5,5,5,4,0,0,0,5,0,2,0,5,0
A1GB0HW46Y2EB,5,0,0,1,0,0,0,2,5,3,0,0,2,5,0,5,2,2,0,0,0,0,0,4,0
A1GB1Q193DNFGR,0,5,5,0,0,0,5,5,0,0,0,5,3,0,0,0,4,0,0,4,0,0,0,5,0
A1GD1G8XXPRYQ8,0,0,0,5,5,5,5,4,0,5,0,3,5,3,3,0,0,5,0,5,0,0,5,5,5
A1GGOC9PVDXW7Z,2,5,5,5,4,4,5,5,0,0,5,0,0,5,5,4,0,4,0,4,0,5,0,5,0
A1GHUN5HXMHZ89,4,4,4,4,4,4,4,4,4,4,4,4,4,5,4,5,4,4,3,3,3,4,4,5,3
A1GN8UJIZLCA59,5,4,5,0,4,0,5,4,5,4,5,0,0,0,5,5,5,5,0,0,4,0,0,5,0
A1GPGBHBI6T2HJ,4,0,3,4,4,0,0,0,0,0,0,4,5,5,0,0,0,4,0,0,0,4,0,5,4
A1GSR7RGCG1QYZ,3,2,0,3,3,4,0,3,4,3,0,0,0,0,2,5,5,2,0,3,4,3,3,1,0
A1H4NFXAJQRQ2K,0,3,0,0,0,5,4,4,4,0,0,0,0,3,5,0,0,0,0,0,0,0,0,5,5
A1HG2DOSBZEX4I,0,3,4,0,3,3,0,3,4,5,4,0,4,0,0,0,0,3,3,0,3,4,0,0,5
A1HMBIRR0RJ1NI,5,0,0,4,4,5,4,4,0,4,5,4,0,4,4,0,4,4,0,0,0,5,0,0,5
A1HO9J4DCQDGP9,4,0,0,0,0,5,5,0,0,5,0,3,0,0,0,5,5,5,0,4,5,0,4,5,4
A1HS9F7J51E9CB,5,5,0,0,0,0,0,0,4,0,0,0,0,0,0,0,0,3,0,0,3,0,0,0,0
A1HX00DL0SZM1G,0,5,5,4,4,5,5,4,5,5,0,4,3,0,0,0,0,0,0,4,4,4,0,4,0
A1I7GHG2XNYO3J,0,0,0,5,5,4,0,5,0,0,5,0,4,0,0,0,0,0,4,0,5,0,5,5,0
A1I7QGUDP043DG,5,5,5,5,5,5,4,4,5,5,4,5,5,5,5,5,0,5,5,4,5,5,5,5,5
A1I9B4PSCDDWOO,2,0,0,3,3,3,3,0,0,4,0,4,4,4,4,0,3,5,5,0,1,3,4,1,5
A1IANEBSMVGHS9,0,5,3,4,5,4,0,4,5,5,0,5,4,0,0,5,5,5,0,5,0,2,4,0,4
A1IKOYZVFHO1XP,5,5,0,0,0,0,0,0,0,5,0,0,0,5,0,0,0,5,0,0,0,0,5,0,0
A1IO3LVYV5ZMK8,5,3,0,0,4,0,0,5,0,3,0,4,0,0,0,0,0,0,4,0,3,0,0,0,5
A1IOJE0W1NXOSE,4,4,5,4,4,4,4,2,4,4,0,3,4,4,3,3,0,4,3,4,5,5,3,4,4
A1IUI3CJUMB7J0,2,5,0,2,3,3,4,3,1,3,0,4,2,0,0,0,0,0,4,3,4,4,3,4,0
A1IWWRZJOXOSYP,4,4,5,3,5,5,4,4,4,4,2,4,4,3,4,5,5,4,3,5,5,4,4,4,0
A1J03J0HZ7KU5T,2,5,3,4,3,0,1,0,0,3,4,3,3,4,3,2,5,4,2,5,1,4,1,4,1
A1J2931UBBJPXM,4,5,5,5,5,3,0,5,5,5,5,5,0,5,4,5,3,5,0,1,0,5,5,5,5
A1J66TA573ZPRX,5,0,4,4,5,5,0,5,0,5,5,0,5,0,0,0,0,5,0,5,5,0,5,5,5
A1JH5J1KQAUBMP,4,4,4,4,3,3,3,3,4,4,5,4,3,4,4,4,4,4,4,4,4,5,4,4,4
A1JJOV69MAU2J2,0,0,0,5,0,0,0,5,0,5,0,0,4,0,3,0,0,4,3,0,0,0,0,4,4
A1JKFUUCZRA3Z4,0,4,0,0,0,0,0,0,0,4,4,5,4,0,5,0,3,3,4,0,0,5,2,4,0
A1JV4QKTEB7QBL,0,0,4,4,4,0,0,4,5,4,4,4,0,4,3,0,0,0,0,0,0,4,0,0,0
A1JVSIWDF0WT22,4,4,4,5,5,0,0,0,0,2,0,0,3,5,5,5,3,2,2,2,0,5,4,4,4
A1K0UT3GA4QQG5,0,0,3,0,0,0,0,1,1,4,0,0,2,0,5,0,0,2,0,3,3,0,0,4,4
A1K31NF81TS0CO,0,5,4,4,0,0,0,3,4,4,0,5,1,1,5,0,0,2,5,4,3,0,4,4,0
A1K3NQAO49LXL2,0,0,5,0,2,5,3,3,5,5,0,4,0,0,4,5,5,3,1,5,0,5,2,0,0
A1K94LXX833JTT,0,0,0,5,0,0,0,0,0,5,5,4,0,0,0,5,0,4,0,0,0,0,5,0,0
A1KALHQD4LWAKO,5,5,5,0,5,0,5,0,5,5,0,0,4,0,5,0,4,0,0,4,3,0,5,0,5
A1KAR9G699RM56,0,2,0,4,0,4,4,3,0,3,0,4,5,0,0,0,0,0,4,3,4,0,4,3,4
A1KD8NJPZ01R37,2,0,0,0,2,0,0,4,3,5,0,0,0,5,0,0,5,0,0,5,0,0,0,0,0
A1KDGSZEJXSE9S,0,0,0,3,4,5,0,3,5,0,0,5,0,0,0,0,0,0,5,4,0,0,0,0,0
A1KFBAPAKMEQUF,4,4,5,3,4,5,0,3,0,5,5,0,5,0,0,0,0,4,0,0,0,5,5,0,0
A1KIQ4P4ZW3ALF,0,0,0,1,2,2,0,2,0,3,0,1,1,5,2,0,2,3,0,0,0,0,1,3,0
A1KMG1AIUS00DC,4,5,5,5,5,3,4,0,0,4,2,3,0,0,4,4,0,3,0,4,0,3,0,0,4
A1KP0IVWU0RQ0A,1,0,0,5,0,3,5,4,3,0,4,0,5,0,5,0,0,5,1,0,3,4,4,1,5
A1KT1GWCW8F80,5,4,5,0,0,2,0,0,0,0,2,5,0,0,4,0,0,3,2,0,0,0,0,5,4
A1KZQ5DIX0YUE1,4,5,0,0,0,5,0,5,0,0,0,0,5,5,5,0,0,0,0,5,0,0,0,0,5
A1L43KWWR05PCS,3,4,0,4,0,4,4,3,4,4,4,5,4,0,4,4,4,4,4,5,5,4,4,4,3
A1L8HRCM60W0W7,4,3,5,4,3,4,4,3,4,5,4,4,3,5,5,5,0,4,4,5,3,4,3,3,4
A1L9MIIBI7409N,4,0,4,4,0,0,0,0,3,0,4,0,4,0,5,0,4,5,0,4,0,0,0,0,0
A1LBAC84TLIGAX,0,5,4,0,4,0,5,5,3,4,5,2,0,0,5,0,0,3,3,5,0,5,1,0,4
A1LEV4H5ZQ55J2,0,4,0,5,0,0,0,5,5,0,5,5,0,5,0,5,0,5,0,4,4,0,0,5,0
A1LP6O85Z894GT,0,0,0,0,4,4,0,3,0,0,0,3,4,0,0,5,4,5,0,0,0,5,0,0,0
A1LSDDSM4PGOU5,5,3,3,3,3,0,4,3,0,0,4,0,0,0,3,5,0,5,3,4,0,5,3,5,3
A1LVZOK9F7K4CN,4,4,0,4,5,5,3,4,0,4,0,2,4,3,5,4,0,3,4,4,3,3,3,3,4
A1LZVU5SRRM3VX,4,3,0,4,5,2,5,0,5,4,0,0,0,1,5,0,0,0,0,0,0,0,0,5,4
A1M4NJYP0WNL8Q,0,4,0,0,0,0,4,4,5,0,0,0,5,5,0,0,5,4,5,5,0,5,0,5,5
A1M9DQDGE07Q0U,4,3,0,5,0,0,4,4,4,4,5,4,0,5,3,3,5,3,0,3,3,3,0,5,0
A1MJMYLRTZ76ZX,5,5,5,4,4,5,5,0,2,4,4,3,5,4,5,5,4,4,4,0,5,4,5,5,4
A1MX6D3JK6IKDW,4,0,1,5,2,0,3,0,5,0,5,0,0,0,4,5,0,0,0,3,0,0,0,5,0
A1N0LCPR7O7OLL,0,5,5,0,5,0,4,3,1,4,0,0,0,0,0,0,0,5,0,0,5,0,0,0,0
A1N49TOJZFG48H,5,0,5,0,5,0,0,5,4,0,5,0,1,4,3,0,0,1,4,0,0,0,3,0,5
A1N7YA81ZI4KAF,0,0,0,0,0,4,4,0,0,0,3,0,5,5,0,0,0,0,1,5,0,0,3,3,0
A1N8K1X0OLLADY,5,2,0,0,0,0,2,0,1,5,1,0,2,0,0,0,1,1,0,3,0,5,0,1,0
A1NI0VOVXZBM7Y,4,1,5,2,3,5,3,2,0,3,4,1,3,5,4,4,4,0,0,3,5,4,4,3,4
A1NLZVP501JM5Z,5,5,0,3,5,0,0,4,0,5,5,4,5,0,5,3,5,4,4,0,3,0,4,0,0
A1NSMQIF1C2VCE,5,2,3,0,3,3,4,3,5,4,3,3,0,0,4,0,3,0,4,3,3,3,4,4,0
A1NSUJJCG73IRF,4,4,4,4,4,4,3,3,4,4,4,4,4,3,4,5,4,4,5,4,4,4,4,4,0
A1NV8HZTGKIPXQ,0,5,4,3,5,5,5,4,4,4,4,3,5,5,4,4,4,2,0,3,4,4,4,4,4
A1NVW4NUXPOSJB,4,2,0,0,0,3,0,4,0,0,0,4,0,0,4,5,3,0,0,5,0,0,0,0,0
A1O60Q7LBN4MQ,0,4,0,2,0,4,0,0,0,4,0,4,2,0,0,3,0,0,5,3,2,4,3,4,0
A1OBJ2263JCK5,0,5,0,5,5,5,0,0,0,5,0,0,0,0,5,5,0,5,0,0,5,5,4,0,0
A1OBPHRXHZF8P6,5,1,0,0,5,0,3,0,0,5,0,5,0,0,0,5,0,5,0,5,5,5,0,2,4
A1OGPR0AKZ4K7D,0,0,0,0,0,3,0,0,0,4,0,0,0,0,5,5,0,0,0,0,5,5,0,0,0
A1OS2HX2CWQIC7,5,4,5,0,5,0,0,0,0,2,5,0,4,2,3,4,0,0,0,0,0,0,0,3,4
A1OYW08VVPMP3Q,5,0,5,0,4,0,4,5,4,5,0,3,4,0,3,0,0,4,0,0,2,4,3,4,4
A1P2NBM3P3TS2X,3,3,5,5,5,3,2,4,2,5,2,2,2,4,5,4,4,4,4,0,0,4,4,4,0
A1P6NRWDD1NT4B,0,5,0,0,0,0,0,5,2,3,2,3,3,0,0,0,0,0,0,0,4,0,2,0,0
A1P98DMX8YUSNW,2,0,4,4,4,3,3,3,3,5,0,4,4,4,3,3,4,0,0,0,3,0,0,3,3
A1PASRZ81DY9C,3,3,4,5,0,0,5,0,5,5,3,0,5,5,4,5,0,0,4,0,3,3,5,1,3
A1PCQHQ6NPGL9F,0,2,3,4,2,0,0,4,5,5,0,1,0,5,0,5,0,1,4,5,3,2,4,5,0
A1PL8JA0TEHBVN,5,0,0,0,0,4,5,4,5,5,5,0,0,0,0,0,0,1,3,0,0,3,0,5,5
A1POFVVXUZR3IQ,5,5,0,4,5,5,3,3,4,4,0,5,3,5,5,0,5,5,0,0,0,5,0,4,5
A1PQNUIMLIOJ7R,5,0,5,3,3,0,5,0,5,0,0,0,0,5,0,0,0,0,0,0,0,5,0,5,0
A1PW6G3EFXCLFJ,0,5,0,4,4,4,0,0,4,3,4,0,3,0,3,0,0,3,0,5,4,0,1,2,5
A1Q15TP2FXYYMF,0,4,5,4,0,5,5,5,0,5,5,5,5,0,0,0,0,0,3,5,5,0,5,0,0
A1QFQ9SQZVGUK4,4,2,0,0,4,1,0,4,0,0,0,3,3,5,0,0,1,0,0,0,0,0,0,0,1
A1QQPIUXWD4G0Z,4,5,1,0,4,3,3,3,4,4,5,3,5,4,5,5,3,1,4,1,2,3,4,5,4
A1R2ONSLAI3M2X,0,0,0,4,5,0,0,3,4,3,4,3,3,0,5,0,0,0,3,3,0,4,3,0,0
A1R2URG8OHNEDS,3,2,5,0,4,5,5,4,0,5,0,5,0,0,0,0,0,5,0,0,4,4,5,3,0
A1R602SXNGOMJ4,3,4,3,3,5,3,3,3,4,3,4,3,3,2,4,5,3,3,2,4,3,4,3,3,0
A1R8AO9XASQ15C,5,5,3,0,0,0,3,3,0,4,0,0,0,5,4,0,0,0,0,0,0,0,0,5,0
A1R8LZYZR3377O,3,0,0,2,4,5,0,2,0,0,0,3,2,4,1,0,0,4,1,0,0,0,3,1,4
A1R9GZ8FC44MF5,5,4,3,0,5,5,5,2,5,3,5,2,5,0,0,4,4,0,0,1,2,5,2,5,4
A1RECBDKHVOJMW,0,5,5,5,5,3,4,4,0,5,0,5,5,0,5,0,0,5,4,0,5,0,5,4,0
A1RJXK6KF3LL5R,5,2,0,5,0,0,0,0,5,5,0,0,0,0,0,0,0,0,5,0,1,5,5,0,0
A1RP6YCOS5VJ5I,4,5,4,4,5,5,5,5,5,4,4,4,5,4,5,5,5,5,5,4,5,4,4,5,5
A1RSXP7MB772E3,4,3,5,4,5,4,5,3,3,4,5,4,4,5,4,5,0,4,5,0,4,5,4,5,4
A1S3C5OFU508P3,4,0,0,0,0,0,0,0,5,0,0,5,5,0,0,0,3,2,0,0,0,4,0,0,0
A1S8AJIUIO6M9K,0,0,5,5,5,5,0,0,0,5,0,5,0,0,5,5,5,0,5,3,0,5,0,0,0
A1SCD2NYTIAQTY,3,0,5,4,4,4,4,4,0,4,0,0,4,5,3,0,0,5,3,0,0,5,4,4,4
A1SPB225CVTRUU,4,5,0,2,0,5,0,4,4,4,3,5,3,0,3,4,0,5,4,4,2,4,3,4,4
A1ST1XBL6EQTBV,4,0,5,0,5,5,3,5,0,3,0,0,0,0,4,5,5,5,0,0,0,3,0,5,5
A1SVXJZ3386U2D,4,4,5,5,5,4,4,5,5,4,5,4,5,4,5,5,4,4,5,0,5,5,5,5,4
A1T17LMQABMBN5,5,5,0,5,0,0,0,0,0,4,0,0,0,4,4,0,0,0,0,4,5,5,0,0,0
A1T3O2LILVK0C4,4,4,4,0,0,4,5,5,5,0,0,4,5,5,4,0,4,0,3,4,0,5,5,4,5
A1TEMNM9ZEOLJ6,4,3,4,3,3,4,0,0,3,4,3,0,2,4,2,0,0,4,4,0,1,4,3,3,5
A1TJIJKKN15KR9,2,0,5,4,3,0,0,4,0,4,2,3,4,2,4,4,3,2,4,4,1,4,5,4,3
A1TJPMB7N776WS,5,4,4,3,4,4,0,4,4,4,5,3,4,4,4,0,0,3,4,5,5,5,3,4,4
A1TK6R2JSC97HL,3,4,0,3,3,0,0,4,0,3,3,2,4,0,4,0,0,4,2,4,4,3,4,2,3
A1TKM36EYEQNSM,4,3,0,5,5,0,4,0,0,4,4,0,4,0,0,0,4,5,0,5,5,5,0,0,0
A1TMAVN4CEM8U8,5,3,0,4,5,5,0,5,5,5,5,0,2,5,5,5,5,5,0,5,0,5,3,0,5
A1TOH8S8I1VT9R,0,0,0,0,0,0,3,4,4,0,0,0,5,0,5,0,5,0,0,4,3,5,3,4,3
A1TPW86OHXTXFC,5,4,5,4,4,5,4,3,0,4,5,4,5,5,5,5,0,5,4,4,5,5,5,3,5
A1TUVJBY0X4M5O,3,0,2,2,0,0,4,2,2,3,0,1,0,0,2,0,0,0,0,0,0,2,0,2,0
A1TW9ZGRDQQZ2Y,4,4,4,4,4,4,5,4,5,5,4,4,4,4,4,4,3,4,5,4,3,4,4,5,5
A1TWTULVD6F22O,5,4,4,0,0,4,4,5,5,5,0,4,4,4,0,5,0,4,5,4,5,5,4,0,5
A1U360OMVQRPUB,5,0,4,4,4,4,0,4,4,5,0,5,0,5,0,5,3,4,4,0,5,0,0,0,4
A1U6B2LDK3BUVU,3,0,2,0,0,3,5,3,0,2,5,0,0,5,0,5,0,0,3,3,0,3,2,4,0
A1UFV4HALV2OXW,0,5,5,5,5,5,5,0,0,5,0,0,5,0,0,5,5,5,5,0,0,5,5,5,5
A1UNJ46NSB352E,0,5,0,0,5,0,0,4,0,0,0,0,5,0,0,5,5,0,0,0,4,4,0,5,0
A1UOTG037037XY,3,0,5,4,5,3,0,0,5,5,0,5,4,0,5,0,0,3,5,0,0,5,0,4,5
A1URXSRV6WDHVY,0,0,0,0,0,0,0,0,0,5,0,0,5,0,0,0,0,0,0,0,0,0,0,0,0
A1V3IO23FZFF9L,0,3,5,3,4,3,4,3,0,3,1,3,4,0,4,0,0,3,4,4,3,4,3,3,2
A1V3PCKVCJ3TTZ,5,5,5,0,5,5,5,0,3,5,0,0,0,0,0,0,0,0,0,0,0,0,0,0,0
A1V3TRGWOMA8LC,5,0,4,3,0,5,0,2,0,4,1,0,0,5,0,2,2,0,0,0,5,3,0,0,0
A1VABWDOUQLULZ,4,3,4,4,3,5,3,5,4,4,4,4,3,2,4,5,4,4,3,5,0,4,3,4,3
A1VCLTAGM5RLND,5,3,4,5,4,5,5,5,5,5,0,5,3,0,0,5,5,0,3,5,4,5,4,5,4
A1VCPMT1RRS7K0,0,4,0,4,4,4,4,4,4,0,0,3,3,0,3,0,0,0,4,3,5,0,4,0,4
A1VJ7HYM1EC94M,4,5,0,0,0,5,0,5,0,5,0,5,0,2,5,0,0,5,2,5,4,5,2,5,0
A1VQBHHXIKHIGS,3,5,4,4,4,4,4,0,3,2,4,1,4,0,2,3,0,4,5,0,2,5,0,2,5
A1VTV7GXWSGJ3E,0,4,4,0,0,0,4,0,4,0,0,0,4,0,0,0,0,5,0,0,0,0,0,5,0
A1VZLLDNLURGJB,5,4,3,5,5,0,2,5,0,5,5,3,5,4,5,5,0,4,3,5,4,5,0,5,4
A1W702WG1LC6R3,0,4,4,4,5,4,5,4,4,4,4,4,4,5,4,5,3,4,4,4,4,0,4,4,0
A1WUMTJOASEL5F,0,5,0,4,3,0,0,3,0,4,5,0,4,5,0,0,4,0,0,0,5,3,5,5,0
A1X054KUYG5V,4,4,3,4,4,4,4,4,4,3,4,3,3,5,4,5,3,4,3,4,4,4,3,4,4
A1X15AQVSCKKRG,0,0,5,0,0,0,5,4,0,1,0,0,3,0,4,0,0,0,5,5,0,4,0,0,0
A1X1CEGHTHMBL1,0,4,4,4,5,5,0,5,4,4,5,5,5,4,3,5,5,5,5,5,5,5,3,5,0
A1X7FS1H4R02W1,0,0,5,0,5,0,4,0,0,0,5,0,4,4,0,4,0,0,0,4,5,0,0,0,0
A1XJOSJN6FHFO0,5,4,0,4,0,5,0,4,4,5,0,0,4,0,0,0,0,0,5,0,5,5,5,5,0
A1XN6MBYDBTX16,0,0,0,5,0,0,0,0,0,5,0,0,0,0,0,0,0,5,0,0,0,5,0,0,0
A1XT8AJB7S9JJG,0,0,0,4,5,3,0,4,0,3,0,4,3,4,0,0,4,0,0,2,0,4,0,0,0
A1XX5797TIZT5Q,5,4,0,0,0,0,0,3,0,0,3,0,4,5,0,0,4,0,4,2,5,5,0,5,0
A1Y0HX12MCT6OR,0,4,0,3,0,1,0,3,0,0,1,0,0,2,4,0,0,0,0,0,0,3,5,1,0
A1Y87E22UVYCE6,3,0,5,0,5,5,0,5,5,0,5,0,4,0,5,5,0,0,5,5,4,5,0,5,5
A1YB29BIDULEYE,0,0,5,0,0,0,4,4,0,5,0,4,5,4,0,0,4,0,0,0,0,4,4,2,5
A1YC9XEDFKXPLK,5,0,0,4,0,0,5,0,0,5,0,0,5,0,0,0,4,0,0,0,0,0,0,0,0
A1YHKSTVSYEYTU,4,0,0,5,4,0,0,0,4,0,0,0,0,5,4,0,4,0,4,4,0,3,0,2,0
A1YQ6QB2127AJ4,4,5,0,0,0,5,5,4,5,5,4,5,5,0,5,0,5,5,5,0,5,4,0,0,5
A1YVDY3TISDRE1,0,0,0,0,4,5,0,0,0,0,4,0,5,0,4,0,5,0,4,0,0,0,0,5,0
A1Z1NQJUJQ5CRO,0,3,5,4,0,0,2,3,0,2,1,3,4,4,3,5,4,3,4,0,0,0,3,3,0
A1Z2ZN39LL07GI,4,5,3,0,5,5,0,4,0,5,5,4,4,5,5,5,0,0,0,0,5,4,4,5,5
A1ZH9LWMX5UCFJ,0,0,5,4,0,0,4,0,4,5,0,5,0,0,4,0,0,0,4,0,4,0,4,4,0
A1ZO30Z16MQ7Y7,0,3,0,0,0,0,5,5,5,0,0,0,3,5,0,0,0,0,5,0,4,0,0,0,0
A1ZOF747O5EB6R,4,5,2,4,5,5,4,4,5,3,0,3,5,5,4,0,0,4,5,4,3,5,5,0,5
A1ZS82R4RC0I2N,3,0,0,3,0,0,2,3,3,3,3,1,0,0,0,0,4,4,3,3,0,3,0,0,2
A1ZTE3K3EN4TS3,5,2,0,0,4,0,0,4,0,0,0,0,5,5,5,5,0,0,5,0,4,0,0,4,0
A1ZTSOBAPOWT3,5,4,5,0,0,0,4,5,5,0,0,0,5,0,3,5,5,5,0,5,5,5,0,0,4
A20568D9GRC08W,0,5,0,0,0,0,0,5,4,0,5,0,0,5,5,0,4,0,0,0,0,5,0,0,0
A20DZX38KRBIT8,5,5,2,5,0,0,5,5,5,1,4,0,4,3,5,1,1,1,5,5,5,5,3,0,5
A20EEWWSFMZ1PN,4,4,5,5,4,3,3,3,4,4,5,4,4,4,4,5,5,4,4,0,4,3,4,4,4
A20IIR0422G3A5,4,5,5,4,0,5,0,4,3,4,5,3,0,4,4,0,0,0,0,4,5,4,3,0,0
A20JYIHL1W1U54,4,4,4,0,0,0,0,0,5,0,0,5,5,0,0,5,0,4,0,5,4,5,5,5,5
A20LY8E9NGYA4M,4,4,5,4,0,0,4,4,4,0,5,3,4,4,4,5,4,3,0,0,0,5,0,3,0
A20TJ5P97W5MS1,0,5,0,5,0,0,0,0,5,5,5,0,0,5,5,5,0,5,0,0,0,5,0,5,0
A20ZFWGBY4REFX,5,4,5,0,5,5,5,5,5,0,0,0,5,0,5,0,5,0,5,0,0,5,0,5,5
A2198FZZMTJ38H,4,4,0,0,0,5,0,3,4,5,5,4,5,5,0,3,4,5,4,0,4,4,5,4,5
A2198O25QYUPXE,0,5,5,0,5,3,5,0,5,4,5,0,0,0,5,0,5,5,5,0,5,0,0,0,5
A21B2TJBWCSK1R,5,5,4,5,4,4,5,4,5,4,5,3,4,5,5,5,0,5,5,5,5,5,4,5,4
A21VGNU5959O85,0,0,0,3,5,0,1,4,0,2,0,0,1,3,5,4,0,0,0,2,0,5,4,5,4
A21XVS00AIENLX,5,0,0,0,2,3,0,5,0,4,1,5,4,4,5,0,0,4,4,0,0,4,4,5,3
A220FJEQNGMSRN,2,0,2,4,3,3,0,2,5,5,3,3,3,0,4,3,4,3,5,4,3,4,4,4,5
A228JH8V9Y700G,2,3,0,4,0,3,0,5,5,4,5,4,4,0,3,0,3,0,5,0,0,0,3,3,4
A22AD8M2SSOFHJ,0,5,4,5,0,0,0,0,5,0,0,0,4,0,0,5,5,4,0,0,0,3,5,0,0
A22BPC7LRSGSYQ,0,0,0,0,4,0,5,5,0,0,5,4,5,4,5,5,5,0,5,0,0,5,3,4,4
A22J9WI2PDAVJ,4,3,0,4,4,3,4,4,0,0,0,4,4,0,0,0,4,0,5,5,3,4,4,0,0
A22RY8N8CNDF3A,4,4,3,3,4,4,3,4,3,4,4,3,3,5,5,4,5,3,4,3,2,3,3,3,4
A22TZUXUKA11SQ,0,2,4,4,0,4,0,3,4,2,0,0,3,4,4,4,0,4,4,0,3,0,4,2,3
A22VNXHU6IZ5MT,0,0,5,0,0,5,0,5,5,5,5,5,0,0,5,5,5,0,0,4,5,5,5,5,5
A238M34Z3X2IBD,0,0,0,0,2,0,0,2,0,0,0,0,4,5,0,0,0,0,3,0,0,0,0,0,5
A239PPUVV8O0U0,5,0,5,0,0,0,0,5,0,5,5,4,5,0,4,0,0,4,0,0,0,0,0,5,0
A23GFTVIETX7DS,4,4,5,0,5,4,4,4,0,5,0,4,4,0,5,0,3,0,0,4,4,5,5,0,5
A23L2BR07AOBG1,5,0,5,0,0,0,0,0,0,0,0,4,1,0,4,5,1,5,0,5,0,0,3,0,3
A23QOAXJSWIBS6,4,0,4,0,0,0,3,0,2,0,0,4,3,3,0,0,0,0,3,4,0,0,5,0,0
A23XVF23C7BHP0,0,0,0,0,0,0,5,3,0,5,5,0,0,4,5,0,0,5,0,0,0,0,0,4,0
A243HY69GIAHFI,4,0,0,5,0,0,0,0,0,5,0,0,0,0,0,0,0,0,0,0,0,4,0,5,0
A244CRJ2QSVLZ4,0,0,0,5,5,5,5,5,0,0,5,0,4,0,0,0,0,0,0,0,0,0,0,0,4
A24F1UX8ZT5IXY,0,0,3,0,0,3,0,0,0,4,0,0,4,3,0,0,4,0,5,0,0,0,1,3,2
A24IJY3V0804WJ,3,0,0,3,4,4,3,4,0,4,0,4,0,3,2,0,0,5,0,3,0,4,0,3,0
A24KZBAAUTC83R,2,4,5,3,5,0,4,3,4,0,4,3,0,4,4,4,4,0,0,4,0,3,4,5,4
A24ZFFRQ4MG3XL,0,5,0,0,0,3,0,0,1,4,1,3,4,0,0,0,5,0,5,0,4,5,4,5,5
A2582KMXLK2P06,4,5,5,4,3,4,4,4,4,5,4,4,5,5,4,5,5,3,4,5,4,4,4,5,4
A258MSMKY2710V,4,5,3,0,5,4,4,0,4,4,5,0,0,0,0,3,0,0,0,0,0,4,3,0,4
A259F4J3QOBIUH,0,5,0,0,0,5,4,5,0,4,5,0,5,0,4,0,0,0,4,5,0,3,0,5,5
A25ACLV5KPB4W,0,0,0,3,0,4,0,2,0,0,0,0,0,0,4,0,0,0,3,0,0,3,3,3,2
A25AXWGBGJ5KBS,4,5,0,5,0,4,0,4,0,5,5,0,4,5,0,0,0,0,3,0,4,5,4,4,4
A25CMSI6S7S63C,0,0,0,5,0,0,5,4,0,0,0,4,5,0,0,0,2,2,0,0,4,4,0,4,4
A25HYPL2XKQPZB,4,0,0,3,3,5,0,3,0,4,1,2,4,4,4,5,0,3,0,3,4,3,3,0,4
A25KKXUQQ0OLWB,5,5,5,5,5,0,0,5,5,5,0,0,0,0,4,5,0,0,0,0,0,5,4,5,5
A25PM9JGHPU8EI,0,5,4,3,0,4,0,4,4,4,4,1,0,0,3,5,0,0,5,3,4,4,4,0,2
A25QJBK33C4O0R,5,5,5,0,5,3,0,0,0,3,0,0,0,3,0,0,0,2,4,5,0,0,4,0,4
A25UZ7MA72SMKM,0,0,0,0,4,0,0,0,2,5,0,4,4,0,5,5,0,4,0,5,0,0,4,0,5
A25ZVI6RH1KA5L,0,4,3,4,0,0,4,4,4,3,5,3,0,4,0,0,0,5,3,4,2,3,4,0,0
A267IXCC7UK1HY,4,0,3,0,2,0,0,0,0,2,5,2,5,0,0,0,2,0,0,0,0,0,0,4,0
A268EEWUXYCA8Q,4,5,4,4,4,5,5,3,5,4,3,0,3,0,5,0,0,5,3,5,0,5,0,0,4
A26A64X86VL1R4,0,0,0,0,5,0,3,0,0,0,4,4,0,5,0,0,0,5,3,0,0,4,4,4,0
A26BWRBPP4V2WF,3,4,4,5,4,0,0,3,0,4,0,4,4,0,4,5,3,0,0,3,4,0,3,5,0
A26HFSVLAGULIM,5,0,0,0,5,4,5,5,0,5,5,5,4,5,3,4,5,5,0,5,4,0,5,5,5
A26IVJJTXOE85B,3,0,5,0,0,5,0,5,5,5,0,3,5,5,3,0,0,0,3,0,0,0,0,0,0
A26JGAM6GZMM4V,4,5,5,5,5,5,5,5,4,5,5,0,5,5,5,5,5,5,5,5,5,0,0,0,0
A26O0T192IBKY1,0,0,0,0,0,0,0,0,0,5,0,0,0,0,0,0,0,0,3,0,0,5,5,5,0
A26R4PDCZX5SOK,0,0,5,4,0,0,5,5,0,5,0,5,3,0,0,0,3,5,5,0,4,5,4,5,0
A27CFNHYZG6WS8,0,0,0,0,4,0,0,0,4,4,0,4,0,3,0,5,0,5,0,0,0,0,0,0,0
A27CHILBK6HIL2,4,0,4,3,0,4,3,3,4,4,0,4,5,0,3,4,0,4,4,5,3,5,4,4,4
A27FR2C67JPDRS,4,3,4,5,5,0,0,5,5,5,5,5,4,0,5,0,0,4,5,0,5,5,4,5,5
A27H9DOUGY9FOS,4,5,5,5,3,3,0,3,4,3,0,4,2,0,4,4,0,4,0,0,0,4,3,3,5
A27NTH2Y9DAR31,0,0,5,0,5,0,5,5,5,0,0,0,0,0,5,3,5,5,3,0,0,0,0,0,0
A27P0MW8TE1JQP,0,0,0,4,0,0,0,0,0,5,0,5,3,0,5,0,0,0,5,0,4,5,4,5,5
A27PSZX2SE0B51,5,0,0,0,5,0,0,5,5,5,5,5,5,4,0,0,0,5,0,3,2,4,0,3,2
A27QZDO1FRRFCV,0,5,0,0,0,5,5,0,2,0,0,0,0,0,0,0,0,3,0,0,0,0,0,0,0
A27RJ30RN5K9MX,5,5,5,0,0,5,5,0,5,5,5,0,5,5,5,5,5,5,3,4,0,0,4,5,0
A27W5AJNP6YX7Z,0,0,0,2,0,0,0,0,0,0,5,0,0,0,0,0,0,0,0,0,0,0,0,4,0
A2809U2S14N0K1,2,4,0,3,1,3,2,2,4,4,0,0,2,0,3,0,0,4,4,0,0,3,0,3,0
A281NPSIMI1C2R,0,5,0,0,5,0,0,0,0,5,5,4,5,0,0,0,5,0,0,0,0,0,5,0,0
A284WUQS94AQ7A,0,5,0,0,0,4,0,4,4,5,0,0,3,0,0,0,0,0,5,0,0,0,4,5,0
A28B7IJR80M8KE,5,5,5,1,0,3,0,5,5,0,0,4,4,4,3,0,4,5,2,0,4,5,1,5,0
A28GCEHD00JFZG,0,1,1,3,0,3,5,5,5,1,0,4,2,0,4,0,3,0,3,0,0,2,0,4,5
A28ILXH590CMRJ,0,0,0,0,0,0,3,0,3,0,0,0,5,0,0,0,0,3,5,0,4,4,0,4,4
A28MM46KI4EQB2,0,0,5,0,0,0,0,0,5,4,0,0,5,5,0,0,5,0,0,4,0,0,4,0,5
A28OB1QLXN5BM6,2,4,5,0,2,0,3,4,0,4,0,5,0,5,4,0,5,4,0,0,5,2,5,5,5
A28WJUJF6D2ULA,3,5,5,5,5,4,5,0,3,3,2,4,3,0,3,0,5,0,4,0,4,3,4,3,4
A293HA28PN3VO4,0,4,0,4,5,0,0,3,1,4,1,3,0,0,0,5,0,4,0,4,3,4,0,4,4
A294DWRBQUOIK4,0,0,0,0,0,0,0,0,0,0,0,0,0,0,0,0,5,5,0,0,0,0,0,0,0
A29COAL60SB48B,0,0,0,0,0,0,0,5,0,5,5,5,0,0,0,0,0,0,0,0,0,0,4,0,0
A29E6IO3DZG6IY,1,0,0,5,5,0,0,0,4,4,0,0,3,0,0,5,0,0,0,0,3,3,4,0,0
A29IPLCBZ3LIGX,0,4,5,0,0,5,0,0,5,0,0,0,0,0,4,5,0,0,0,5,0,0,0,0,5
A29IYGR7SNPRIV,0,5,0,5,5,0,0,0,1,5,4,0,0,5,2,0,5,0,0,0,0,0,5,0,0
A29QA79VLQGHY6,4,5,0,0,4,4,0,4,4,4,5,0,3,4,4,0,0,4,3,0,0,5,0,4,4
A29R3O02O0PON4,0,4,0,5,5,4,0,0,0,3,0,0,5,4,0,0,4,4,0,3,0,0,0,0,4
A29R4FCO6RFX4K,5,4,4,0,5,5,4,2,4,5,4,0,4,4,5,5,4,4,4,5,4,4,4,4,5
A29SJTG21BVWF4,0,4,4,5,4,3,3,3,4,4,4,4,4,0,0,4,0,0,5,0,4,3,3,5,0
A29TKSIWA3JKF3,0,0,0,4,0,4,2,4,0,0,1,0,2,0,0,0,0,0,0,0,2,1,0,0,0
A29Y34ALWJUGB5,0,0,5,5,4,5,0,4,0,0,2,0,2,0,4,0,4,0,0,4,0,0,4,4,0
A2A6NH6DPE0VXR,4,3,4,3,4,4,3,4,3,5,2,4,4,4,4,5,4,4,4,4,3,4,3,4,4
A2AK7ZFKW08HID,0,5,0,5,0,0,0,4,0,0,5,0,5,0,5,4,5,5,0,0,5,4,4,5,0
A2AOZQ3WTNVVOK,4,5,4,0,4,5,4,4,4,5,5,3,5,5,5,5,5,4,0,3,4,5,4,0,0
A2ARRAMXWT83PT,0,0,5,4,5,5,5,3,5,5,5,4,5,5,0,5,5,5,0,0,2,5,4,0,3
A2ASEBCEN9ZWTZ,5,0,0,0,0,0,0,0,0,5,0,5,0,0,4,0,0,4,5,0,0,0,0,4,0
A2ASIT0JYIGHTA,2,3,0,3,0,0,3,3,3,4,2,3,3,4,4,5,4,0,5,0,3,4,5,5,3
A2ATWKOFJXRRR1,3,4,4,2,3,4,3,3,4,4,4,3,4,4,4,4,3,4,3,4,3,4,3,4,4
A2AVV9LV9UXT6F,0,0,0,0,4,1,0,0,0,0,0,0,3,3,0,5,0,0,4,0,0,4,0,0,0
A2B3Z2QHW3V35S,3,4,0,5,5,3,5,5,3,5,5,4,4,5,4,0,5,3,4,3,5,5,3,4,5
A2B73CL3QSYWLB,5,4,5,4,5,5,4,5,5,4,4,5,4,4,4,5,5,4,4,4,4,5,5,4,4
A2B7BUH8834Y6M,5,3,5,0,3,0,4,4,5,5,1,5,5,0,0,5,0,3,5,5,0,5,3,4,0
A2B8DJ0CKN9FAO,5,3,5,0,0,0,0,0,0,0,4,0,5,5,0,5,0,0,0,0,5,4,0,5,0
A2B8GXSCB1R05T,5,0,0,5,0,0,5,5,0,0,0,0,0,0,0,0,0,4,0,0,0,5,0,0,0
A2BEU7GPGNIG44,0,0,5,5,0,4,0,4,0,5,4,5,4,0,5,4,0,0,0,0,3,5,0,0,0
A2BFIYZYNK54QX,5,2,0,3,4,1,2,5,5,0,0,0,5,4,0,0,0,0,2,0,0,4,0,5,0
A2BLITJITO97N5,0,0,2,0,0,0,0,4,0,5,0,0,0,1,1,0,0,2,5,0,0,0,0,0,5
A2BPDFR58H9575,3,0,4,3,4,2,0,4,3,4,5,4,4,4,2,5,0,0,4,0,3,4,4,4,3
A2BQBLCKJHP65G,3,0,4,0,0,0,0,4,0,1,2,2,1,3,4,0,0,0,0,0,5,0,0,0,0
A2BSZPRBKYAB2K,5,0,0,3,0,0,0,0,0,0,5,0,4,0,4,0,0,5,0,0,0,0,4,4,0
A2BT7IC8PT1ZC9,4,3,4,4,5,4,4,4,0,3,5,2,2,0,4,5,0,4,4,3,3,4,3,0,3
A2BZ7MYTSNYMEW,0,0,3,4,3,0,0,4,0,4,0,0,0,0,0,5,0,3,4,5,4,0,0,0,4
A2BZWG2LTJZGBQ,4,5,5,4,0,4,4,0,5,5,5,4,0,0,0,5,4,0,0,0,2,4,0,5,0
A2C21DQ4FQARGV,0,4,5,0,1,0,0,0,0,0,0,0,0,0,0,0,0,5,5,0,0,0,3,5,0
A2C27IQUH9N1Z,5,0,5,5,0,5,4,4,0,5,5,5,4,0,5,0,5,5,0,0,4,0,0,4,0
A2C5LA07JCDWTN,0,4,0,1,0,3,5,4,5,0,4,5,5,2,5,5,0,3,0,5,3,0,5,0,4
A2C5VLIJMDPWHI,0,0,0,4,1,3,0,3,0,4,0,0,4,0,4,3,0,0,5,5,2,5,4,0,5
A2C7BOQVFH1HLE,3,4,5,3,5,0,4,3,4,4,4,0,4,3,5,4,5,2,0,5,0,4,0,5,4
A2CK0VXUDVXGMN,4,5,4,2,3,2,4,1,2,3,0,0,0,4,3,4,3,4,0,0,0,3,0,4,2
A2CT2SA6KFE8GC,0,2,4,0,4,0,4,3,3,0,4,0,0,5,4,0,4,0,0,0,5,0,5,3,5
A2CU4L3OK00M23,0,0,0,0,0,0,0,0,0,3,0,0,3,0,0,0,0,0,0,0,5,0,0,5,0
A2CW9IQAPFEYLM,0,0,0,5,0,5,0,0,5,0,5,0,0,0,5,5,0,5,0,0,0,5,0,5,0
A2CZPM110DW516,4,5,0,0,0,0,3,0,0,0,0,4,3,0,0,4,4,0,5,5,0,0,0,3,0
A2D0PJFW2VY8G,0,0,0,3,4,0,4,4,0,0,5,0,0,4,4,0,3,4,0,0,4,5,3,4,4
A2D7NX9ZYBJZ13,5,5,0,0,5,0,0,0,5,5,0,0,5,5,0,0,0,0,0,0,0,5,0,5,5
A2D8CUJPOSRPNA,4,5,0,0,0,0,5,5,5,5,2,5,4,5,5,5,0,0,5,0,4,5,4,5,4
A2D9IEFJGB483Q,4,0,0,0,0,4,0,2,0,0,4,0,3,0,0,0,0,5,4,0,0,3,0,4,0
A2DAHERP7HYJGO,3,4,5,4,4,5,0,4,3,4,2,2,4,0,3,5,3,4,4,0,4,4,5,5,0
A2DSXA1E02C86D,5,5,4,0,0,5,4,3,3,4,0,5,4,5,4,0,4,0,5,3,3,5,5,4,0
A2E0EZ8DO5YSU3,2,0,4,2,0,0,1,0,2,2,0,0,0,2,2,0,0,0,0,0,0,1,0,2,3
A2E3F04ZK7FG66,0,0,0,4,0,4,0,5,5,5,0,0,3,0,5,5,0,0,0,0,3,5,5,5,5
A2E3IB2ZHJ7QXJ,4,5,0,0,4,5,0,0,0,4,0,0,0,0,4,5,0,0,0,0,0,5,0,0,2
A2E9TRM8096BXU,0,0,0,0,5,0,2,4,4,0,3,0,4,0,4,0,0,0,0,0,0,0,4,0,0
A2EAI4948TW53X,5,0,0,0,0,0,0,5,0,0,0,0,0,0,0,0,0,0,0,5,0,5,0,0,5
A2EBLL2OYEQJN9,0,4,4,5,0,4,0,0,5,5,3,5,5,0,0,0,0,5,3,5,5,0,0,0,0
A2EDZH51XHFA9B,2,3,4,3,4,3,3,3,3,3,4,4,3,4,4,5,3,4,3,3,2,4,3,4,4
A2EENLV6OQ3DYM,5,0,5,0,0,0,0,4,0,0,5,0,0,0,0,0,0,0,0,0,1,5,0,0,0
A2EEUQ81DTY7G3,5,4,3,3,4,4,0,4,3,4,5,4,4,0,3,4,3,4,4,4,4,4,4,4,0
A2EGK0YRDF4ZZB,5,0,0,0,0,0,0,0,0,5,0,0,0,0,5,0,0,0,0,0,0,4,4,5,0
A2EIK4L9730WWJ,1,5,0,0,0,0,0,5,0,5,5,5,5,5,0,5,0,0,0,5,0,5,5,1,0
A2EUG9W2IAVCT,0,4,4,0,5,0,0,5,0,5,0,2,0,0,5,0,4,4,0,0,0,4,4,4,0
A2F3M93RRLFQNJ,3,0,5,5,4,0,0,2,0,0,0,0,3,0,0,3,3,0,0,4,0,4,0,0,0
A2F3SXHT6RBV81,4,0,0,0,3,3,0,0,3,3,0,3,3,0,0,3,0,0,0,0,3,3,4,3,3
A2F7CCPK4QL359,0,0,0,0,0,0,0,0,0,0,0,5,5,0,5,3,0,4,0,0,3,0,4,0,0
A2F8R40Z2OMIJM,0,5,3,0,0,0,4,0,0,0,0,4,4,0,0,0,5,0,0,0,5,0,0,5,4
A2FBIF1FKBC193,3,0,0,0,5,5,0,4,4,2,0,1,5,5,0,0,5,5,3,5,0,5,5,1,5
A2FEGRJQNU51P9,5,4,0,0,5,5,4,3,5,5,5,5,4,0,0,0,4,0,4,5,4,4,0,0,4
A2FEJIORC1MBG3,4,0,2,0,5,2,0,0,0,4,5,3,0,0,0,0,4,5,0,3,0,4,0,0,4
A2FFYQZPUGOX58,0,5,0,0,4,5,0,0,0,0,5,0,0,0,5,0,0,0,0,0,5,4,0,4,3
A2FPDWTD9AENVK,0,0,5,0,5,5,0,3,4,4,0,0,0,0,5,0,0,0,5,5,0,5,0,0,4
A2FRKEXDXDN1KI,0,5,4,5,4,0,0,3,5,5,5,4,3,5,5,5,5,4,4,5,0,5,5,4,0
A2FS38D943KX12,3,3,0,0,5,0,4,0,0,0,0,1,3,0,0,0,0,0,4,0,0,3,4,0,4
A2FTHCGH06O4Y5,3,2,0,2,2,1,2,2,0,2,0,2,5,0,4,2,0,2,5,0,1,3,3,2,3
A2FWEZ0QS8N7A7,0,5,0,5,0,0,0,0,4,3,0,3,3,4,3,0,4,4,5,0,0,4,0,0,0
A2G6GO4O7EVCPF,0,0,4,0,0,4,1,0,1,1,0,5,2,0,2,0,0,3,0,1,2,3,4,0,0
A2G8D1VN3MVB6F,0,0,5,4,5,2,0,0,4,5,0,0,4,0,3,1,4,5,0,1,0,0,1,4,0
A2G8IR6ENZSQHF,0,2,3,0,3,0,0,4,0,0,0,0,4,0,0,0,0,0,5,0,4,0,5,0,0
A2GA2SO3YK6CXI,4,0,4,0,0,5,0,5,0,5,0,5,0,0,5,0,5,0,0,5,5,3,5,5,0
A2GANR9I6XHTU9,3,0,0,0,0,0,5,3,0,5,1,0,2,0,2,0,0,0,5,0,0,4,0,0,0
A2GB5CG77LGQRB,4,4,0,0,0,0,0,0,5,5,0,0,0,4,0,5,0,0,4,0,0,2,0,0,0
A2GBJQ9THOYDAJ,4,5,4,0,4,3,5,0,3,4,4,3,3,5,4,0,0,0,2,5,0,4,3,4,4
A2GCHG6U8HTVIT,4,5,4,0,4,4,0,2,3,4,5,4,4,5,3,5,0,3,0,0,0,5,4,5,5
A2GMUNBN9HKRZS,4,0,0,0,3,0,2,0,0,4,0,4,4,0,0,0,0,3,0,5,5,0,0,0,4
A2GPEV42IO41CI,4,5,5,5,4,5,5,5,4,4,0,5,5,3,4,5,0,4,4,0,4,3,4,3,5
A2GPN2VKS8E77C,5,4,5,5,5,3,5,0,5,5,5,0,5,0,3,4,5,5,5,5,3,5,5,5,0
A2GYX971VETQBV,0,0,4,3,4,4,4,3,4,4,4,0,0,4,0,0,0,0,0,4,0,4,3,0,4
A2H1WNB30JNAWU,0,0,0,0,4,0,4,4,0,0,4,5,0,0,0,5,4,4,0,4,0,0,0,4,0
A2H22I2RWE0HOV,4,2,4,4,0,0,4,0,0,5,5,0,3,0,5,0,0,4,0,5,5,5,3,0,4
A2H44WVZS59KKT,0,0,0,2,0,4,0,5,0,4,0,2,5,5,1,0,4,4,0,5,0,3,5,4,0
A2HII4U9WQ0XUV,3,4,4,3,5,1,2,4,2,4,5,4,0,0,5,0,4,4,5,5,5,1,5,5,5
A2HJB9J5O5CLPB,0,4,4,5,4,5,5,0,0,3,4,4,4,0,4,5,0,3,0,0,5,5,3,5,0
A2HJZ2KN9YA9L2,0,0,5,5,0,0,0,0,4,0,0,5,2,4,4,0,0,0,5,0,3,0,0,5,4
A2HVL790PBWYTU,2,0,4,4,4,5,3,4,5,4,3,5,4,4,4,4,4,4,5,4,4,5,4,4,5
A2HW33PQSRHLNO,5,4,5,3,5,5,4,4,0,5,2,5,0,0,2,0,5,5,0,0,0,4,2,5,4
A2HWD9PTM7RBXN,0,3,0,0,0,0,0,3,0,5,0,0,0,0,0,0,0,3,5,0,0,0,4,0,0
A2I6MHMAZZDCRX,5,5,5,4,0,2,4,2,5,4,5,4,3,5,4,4,5,5,0,3,4,5,3,4,4
A2I7ZAB04Q0DML,5,0,5,5,5,0,5,3,0,0,0,5,0,5,0,0,4,0,0,0,0,5,0,0,0
A2ICW5OUWX2A2V,0,0,0,4,0,4,0,2,0,5,0,4,5,3,0,0,2,2,0,0,4,0,0,0,0
A2II09GQGWOMTQ,4,0,0,5,0,3,5,0,0,5,5,4,5,5,5,0,5,4,4,4,0,4,4,4,5
A2INL3AYAT6325,4,0,5,5,0,5,0,4,4,4,4,0,4,0,0,5,5,4,0,0,3,5,4,5,4
A2IY9M330NKBW6,0,0,0,2,4,4,0,4,0,0,0,0,0,4,4,0,0,0,0,0,0,0,0,0,0
A2IZIYYCEGOMEU,5,0,0,5,5,4,5,5,4,4,5,5,4,5,4,5,5,0,5,0,5,0,0,4,5
A2J57EQ9KPGXR9,3,3,0,4,0,5,3,3,4,3,0,4,2,5,1,0,2,4,4,5,3,3,4,3,0
A2JDYUSI2RILEB,0,0,0,4,0,0,0,0,0,0,0,3,4,5,5,0,0,0,0,0,4,0,0,0,0
A2JHHYYOOO4DS6,0,4,3,0,5,0,0,5,5,4,4,0,5,0,5,0,0,0,5,4,4,5,4,5,2
A2JP0URFHXP6DO,0,5,2,3,0,0,4,5,0,4,0,3,5,0,0,0,0,0,4,0,2,3,3,5,0
A2JTD6D79HNA5X,0,5,5,0,5,0,0,5,0,4,3,0,0,0,4,0,0,5,0,5,3,5,0,0,0
A2JXAQ92WYPAAR,0,2,0,2,4,2,0,0,5,5,0,4,0,0,5,4,0,0,0,0,5,5,4,0,4
A2JYIDH7JIG48H,5,0,4,0,0,0,0,5,4,0,0,4,4,0,0,0,0,3,5,0,5,4,5,0,4
A2K3L0DOPQQ697,0,5,0,0,0,0,0,5,0,5,0,3,0,0,5,0,0,5,5,0,0,0,4,0,5
A2KB14WCZ1DVE3,2,5,0,0,4,0,0,0,0,5,5,4,5,5,3,0,0,5,5,0,1,4,4,0,5
A2KG8WLR1AKO12,5,5,5,5,0,5,0,0,0,5,5,3,4,0,5,0,0,0,5,5,3,5,3,5,0
A2KW2KWKABNYNO,3,5,4,4,1,0,4,0,0,5,3,1,2,0,5,0,0,5,0,0,2,4,3,0,5
A2KWQ64TRHB3YH,0,0,0,5,0,5,0,5,0,0,0,5,4,5,4,0,5,0,0,5,5,5,0,4,0
A2L7WYA5OENV03,5,0,0,0,0,0,0,0,0,5,5,0,4,0,4,0,4,0,0,0,0,5,0,0,2
A2LAA9SCENXLKN,0,0,0,4,0,0,0,3,0,0,0,1,4,5,4,5,0,0,0,0,0,0,4,2,0
A2LBG01YBSUP96,0,4,4,3,0,2,0,3,3,2,1,1,5,0,0,2,3,0,0,4,2,3,0,1,5
A2LGRPM88JDWP6,0,0,0,0,5,0,1,4,5,0,1,0,0,0,4,0,5,0,0,0,0,3,0,5,0
A2LR4NR0G8KO7C,2,0,3,2,1,0,1,2,2,2,0,3,2,3,0,0,3,0,0,3,2,0,4,0,0
A2LSRBVD2MK3PL,0,0,0,0,0,0,0,5,5,0,0,0,0,0,0,0,5,0,0,0,4,0,0,5,0
A2LW5AL0KQ9P1M,0,0,5,5,0,0,0,5,5,0,1,0,5,0,0,3,5,2,0,1,4,0,3,0,0
A2LXG7XUQNZO6E,0,5,4,0,0,0,0,0,0,4,1,0,0,0,5,0,0,3,0,3,4,4,4,0,4
A2M1N8G4W4END8,5,0,4,0,0,4,5,4,5,0,5,0,5,0,4,0,0,0,0,0,4,0,4,0,3
A2M597GCCE1N2S,5,5,5,4,5,4,4,0,0,0,5,4,5,5,5,0,0,0,5,0,0,4,4,0,0
A2M5FI4CB6VUXF,4,5,0,0,0,4,0,5,3,5,0,4,5,0,4,5,3,0,0,0,2,4,4,4,0
A2MFNDNS1L7D16,4,5,4,5,4,4,3,0,4,5,0,4,3,0,3,4,0,4,4,0,1,4,4,4,5
A2MG8DHACXH5MS,5,5,5,5,4,3,5,2,4,5,0,5,4,4,5,0,5,0,5,0,5,5,5,5,5
A2MNMZMM6BGLTA,4,3,4,3,4,4,4,2,3,4,5,3,3,0,3,3,4,2,3,3,3,3,2,4,4
A2MQQI4UYT9C11,4,5,0,4,0,4,0,0,0,3,0,4,0,4,5,0,4,0,0,0,3,0,4,2,4
A2MS6UV7ZGTMLR,0,0,5,0,4,3,4,5,4,0,5,0,5,0,0,0,5,0,0,0,0,0,0,0,0
A2MUD2VY9HWFXQ,0,0,5,0,0,0,0,4,0,4,0,0,0,0,5,0,0,0,5,5,5,3,5,0,3
A2MYUI8IT6UBUU,2,4,4,4,4,0,1,3,5,4,4,2,4,5,0,5,0,3,0,4,3,5,3,0,4
A2N69DJM8NVYZ6,0,4,0,0,0,5,5,3,4,5,0,0,4,0,5,0,5,2,4,0,0,0,4,0,0
A2NBOL825B93OM,4,5,0,0,0,5,4,0,0,5,0,4,5,0,0,0,5,0,4,5,4,3,0,5,0
A2NJO6YE954DBH,4,4,4,4,4,4,4,4,4,4,4,4,5,4,4,5,5,4,4,4,4,4,4,5,5
A2NOZB6VZCTOI4,5,0,4,0,0,0,0,0,0,0,0,0,0,0,4,3,2,0,0,0,0,5,5,5,0
A2NUHWMHA9XNKV,4,5,3,4,4,4,3,4,5,5,4,4,5,4,4,5,4,5,4,4,4,4,4,4,0
A2NX5UZ6WEZF0R,0,0,0,0,5,0,0,5,4,0,5,0,5,0,0,5,0,0,5,0,0,0,0,0,0
A2NX99GVAX4TRP,0,0,0,0,0,0,4,5,0,3,0,0,0,0,2,5,5,0,4,0,0,5,0,0,0
A2NYQCLFQRTI74,0,0,4,4,3,0,0,3,4,0,0,0,0,4,0,3,0,2,2,3,3,5,2,0,4
A2NZAGMAS7N5ZP,5,0,0,5,5,4,0,3,5,4,4,0,0,0,4,5,1,4,0,5,4,0,4,0,3
A2O97GKCSISM3F,4,4,0,4,0,0,0,0,0,0,3,0,0,0,0,0,0,0,0,0,4,4,4,0,4
A2OCJNB6B46OKP,5,0,5,2,5,0,4,5,5,5,0,4,5,0,5,0,3,4,0,1,4,5,4,5,5
A2ODBHT4URXVXQ,4,5,0,5,5,4,0,4,5,5,5,0,0,5,5,5,0,0,0,0,0,5,0,5,0
A2OFSDJB3MVQ16,3,5,4,5,5,4,5,4,5,4,5,4,0,4,4,5,5,5,5,0,0,4,5,0,4
A2OLJM7IREKPWZ,5,5,0,0,0,0,5,5,0,5,5,0,5,5,5,5,5,0,0,0,0,5,5,5,5
A2OU415LB9I5J6,5,4,0,4,5,0,0,4,4,0,0,4,0,4,4,0,3,0,0,0,0,0,0,4,5
A2OXDJP1Z3LNOK,4,5,0,0,3,0,0,4,3,5,5,0,4,0,4,5,0,5,5,0,1,0,0,5,0
A2P2JXU9JEYNV3,0,0,1,5,0,0,5,0,0,0,0,4,4,5,0,0,4,0,0,0,4,1,5,0,5
A2P49WD75WHAG5,0,0,5,5,5,0,0,5,4,3,5,5,4,0,0,0,0,5,0,0,0,4,0,4,5
A2PBV1899CX3TE,5,4,4,3,5,5,0,5,4,5,0,4,4,0,4,4,5,5,0,0,5,5,4,0,4
A2PIX2K56IZZYX,0,4,0,0,0,5,0,3,0,0,0,0,3,0,4,0,0,2,3,5,0,4,3,2,0
A2PMQH87R1H3QU,2,0,0,4,4,3,2,2,0,1,4,0,4,0,4,0,3,0,2,3,0,1,3,3,5
A2PN7Z2VTHICL8,5,3,5,5,4,4,3,4,4,5,5,0,4,0,1,0,5,3,5,5,4,5,5,4,5
A2PNTEDGMOLMOY,5,4,4,4,4,3,3,4,4,5,5,4,4,0,4,5,4,4,5,4,5,4,4,4,4
A2PR6NXG0PA3KY,4,5,0,5,0,0,0,5,0,5,0,0,0,5,4,0,5,0,2,0,0,4,0,0,5
A2PV6GK1HV54Y9,3,4,2,4,4,4,4,3,3,4,3,3,4,4,4,4,4,3,3,1,4,4,4,3,4
A2PXHFGJZBNLXB,5,3,4,5,0,3,4,3,4,4,0,0,5,5,0,0,0,3,3,2,0,0,0,4,0
A2Q13PHEXGR48Q,4,4,0,0,0,0,4,0,5,0,5,0,5,0,5,0,0,5,0,4,3,5,0,0,5
A2Q457CES5ZUZ,4,0,3,0,0,4,3,0,0,0,5,5,5,0,0,5,0,0,0,0,0,5,0,5,0
A2Q5Y2EMS6KDWI,0,5,0,0,0,0,0,5,0,5,0,5,5,0,0,0,0,0,0,0,0,0,5,0,0
A2Q7YBUV8IPTLW,5,1,0,0,0,0,0,0,0,0,0,0,0,0,0,0,0,0,3,0,2,2,0,0,0
A2QH5NMHW1KTJ1,3,5,5,5,0,0,5,0,0,0,0,4,5,0,5,0,0,5,0,0,0,0,5,0,0
A2QHM5HBSIXRL4,5,5,0,5,5,3,3,0,5,4,4,4,5,4,4,4,4,5,0,4,4,4,4,0,4
A2QQHIY23PL7H3,0,4,0,0,0,0,0,0,5,0,0,4,3,0,0,0,0,4,0,5,3,0,0,3,3
A2R1HAXRNU0QX7,4,2,5,3,5,5,3,4,4,5,5,4,4,4,4,5,2,5,5,4,4,4,3,3,4
A2R4XG0L7Z01V8,3,4,3,4,3,3,4,3,4,3,4,3,3,4,3,4,4,3,3,3,3,3,3,3,3
A2R6RA8FRBS608,4,5,0,5,0,5,5,4,5,5,5,5,5,0,4,5,5,5,5,0,4,5,4,5,5
A2RDR5G65D9H84,0,4,5,5,5,4,5,5,0,4,0,4,4,4,3,5,0,1,5,0,3,4,5,0,4
A2RFG9LI7JDILS,4,0,4,4,4,0,0,0,4,0,0,3,4,0,4,5,4,4,5,0,0,4,0,5,5
A2RH7ARWQSUVQV,3,0,0,4,5,0,3,0,5,4,0,5,0,5,5,5,5,5,0,4,0,5,0,0,0
A2RHQMV5GD18Z8,5,5,5,4,4,5,5,4,0,5,0,4,5,4,5,5,5,5,5,0,0,4,0,5,5
A2RHV42BTJSVON,0,0,0,0,0,0,0,4,0,4,2,0,0,0,0,0,5,0,0,0,5,0,5,0,0
A2RKI7RPP5CJMG,5,4,4,4,4,3,4,4,4,4,3,4,4,3,4,0,5,4,3,3,4,4,4,4,4
A2RW7HXNEJ0QTQ,4,0,0,4,4,0,0,0,4,5,5,4,0,0,0,0,4,0,0,3,0,0,4,5,0
A2S166WSCFIFP5,5,5,5,5,3,0,0,0,5,0,5,5,3,0,0,5,0,5,0,0,2,4,0,5,0
A2SGR7LE899LGG,4,5,0,0,3,0,0,4,0,3,3,4,0,4,3,0,2,2,3,0,4,4,3,2,0
A2SLA0SXRQV8M0,0,0,4,0,4,3,0,4,2,4,0,0,4,2,0,0,0,4,0,4,0,0,0,0,4
A2SNUORW55MZWO,0,5,3,0,0,0,0,5,0,5,0,0,0,0,5,0,0,0,0,0,0,3,0,0,4
A2SRZQU1SZG4RR,0,5,5,0,5,0,5,5,0,5,0,0,0,0,4,0,0,0,0,0,5,0,0,5,0
A2T049UQONS0OY,3,2,3,4,3,4,5,0,0,4,0,4,4,2,5,5,0,4,4,0,3,0,4,3,4
A2T2MYZEB81NOQ,0,0,0,0,4,0,0,4,4,0,0,5,5,4,4,0,5,0,5,3,5,5,0,0,4
A2T7TZBOTP68C7,3,0,0,5,4,5,5,4,5,4,0,4,4,5,4,5,3,4,5,0,4,5,4,5,5
A2TAPL67U2A5HM,0,5,5,5,0,0,3,5,0,5,2,5,5,0,0,5,5,4,0,0,5,3,4,5,3
A2TAPSNKK9AFSQ,5,0,0,5,5,0,5,5,0,5,0,0,0,5,0,0,0,5,5,0,0,5,5,5,0
A2TDK8D4HEMUYW,4,5,0,0,0,0,4,5,4,0,5,2,0,5,0,5,0,0,4,0,0,1,0,4,0
A2TLLX0ZBMZTK7,0,3,0,3,0,0,0,0,4,4,0,2,4,3,4,0,0,4,0,5,3,0,2,0,0
A2TV6SBCWT7P8S,0,0,0,5,0,0,0,0,0,0,5,0,0,0,5,5,0,0,0,0,0,0,0,4,0
A2TWIZ33KJCQ54,4,0,0,0,5,0,5,4,0,5,5,5,4,0,5,0,0,5,0,0,3,0,5,5,0
A2TXR85WQLE32N,4,5,4,5,5,4,4,4,4,5,5,0,4,4,4,4,0,3,0,4,4,3,0,4,0
A2TZKXU6Q0EDNP,3,4,2,5,0,2,4,3,4,0,5,1,0,0,0,0,4,4,5,2,5,3,0,4,2
A2U0DKQPZSD50Y,0,5,0,5,0,0,3,0,0,5,0,5,3,0,5,0,0,0,0,0,0,0,0,0,0
A2U80IPZXN5V1U,0,0,0,4,0,0,0,3,0,0,4,4,4,5,4,5,0,0,0,0,0,5,4,0,3
A2UKC6QFG9L5GV,0,0,4,5,5,5,0,4,4,5,4,5,0,0,5,0,0,5,5,5,5,4,5,5,5
A2UL0A8GJB4318,5,0,5,4,2,0,4,0,0,5,0,5,5,5,5,0,0,5,3,4,4,4,0,5,4
A2ULSA0IRUE09E,5,4,0,5,2,2,0,2,0,4,4,3,3,0,5,2,4,2,0,0,2,5,2,0,3
A2UN5UY8Q6YMOF,4,2,3,3,3,4,3,2,2,0,0,0,0,0,0,0,0,3,4,4,3,0,2,4,3
A2UNMXBJSVIXFB,5,5,0,5,5,4,5,4,0,5,0,0,0,5,5,0,0,5,0,5,5,5,0,0,0
A2UQIIJ2CD8REE,5,0,0,0,0,5,5,5,0,5,4,0,5,0,0,5,5,0,0,5,0,5,5,0,0
A2UUP58XPQW3GF,0,0,5,0,4,0,0,5,0,0,0,0,4,0,5,0,0,4,0,4,0,5,3,0,4
A2UW83R0JOZZ6,0,3,2,5,2,0,5,3,5,0,2,0,4,0,4,0,5,5,0,0,0,4,5,0,0
A2UX5ABICURKL5,0,5,0,5,0,0,0,5,5,0,4,4,5,5,5,5,0,0,0,0,0,5,0,5,0
A2UYAFQ40U2PHS,5,3,3,0,4,0,0,3,4,4,0,1,0,5,4,0,4,5,5,2,2,3,1,0,0
A2UZLIH3BSGJ3N,0,0,3,0,2,4,2,3,0,4,2,3,4,4,5,0,3,3,4,5,1,4,5,4,4
A2V3P1XE33NYC3,0,4,0,4,5,0,5,4,5,5,5,5,0,0,5,5,3,0,4,0,3,5,5,4,0
A2VD2D1QHCMF9Q,2,3,3,0,3,4,3,4,3,4,1,3,2,0,5,5,0,0,4,0,1,2,4,2,0
A2VD3CYOEMJ6SR,3,5,5,5,0,5,0,0,5,3,0,0,4,0,0,0,0,0,5,0,0,0,0,4,0
A2VE83MZF98ITY,4,0,4,0,4,5,0,0,0,0,0,0,0,0,0,0,0,5,4,0,0,4,5,0,0
A2VJ80PM1G00QV,4,4,0,4,0,4,3,0,4,4,4,3,0,5,5,5,0,5,0,4,0,4,0,5,0
A2VMT89TCSF105,5,0,0,0,3,2,2,2,1,0,0,3,4,3,0,5,0,0,4,0,5,2,3,4,0
A2VP7JOT3K7PFM,5,0,0,5,0,0,5,5,0,0,0,0,2,5,5,5,5,0,0,5,4,5,0,5,0
A2VUP5US1F5HG5,1,4,0,0,5,3,0,1,0,0,4,0,4,0,4,0,5,0,0,0,2,0,0,5,0
A2W00XKTTF1G0Z,3,3,4,0,5,0,3,4,4,4,5,0,4,5,5,0,4,4,0,0,5,4,5,5,5
A2W2ODLRQ2L8LE,4,0,0,4,0,0,4,4,0,5,0,3,3,0,3,0,0,5,0,0,4,4,4,4,5
A2W3HLHIA9UP4D,0,0,0,3,3,4,0,2,3,4,3,0,3,0,4,0,0,0,0,4,0,0,0,0,3
A2WB4OWBUH2VQX,0,0,0,0,0,4,0,0,0,3,0,4,5,0,0,0,5,0,0,0,0,0,0,5,4
A2WE94927YC3KI,0,0,3,2,0,5,0,4,0,5,0,3,5,5,4,0,0,5,0,0,5,0,5,0,5
A2WP0GOTX13MG4,0,4,0,0,0,4,0,0,0,0,0,3,4,0,0,0,0,0,0,3,2,4,3,4,4
A2WSI8HOWHFDOT,5,5,5,0,3,4,0,0,0,4,0,5,0,0,5,0,0,0,0,0,0,4,0,5,0
A2WX1UESDOLXRE,5,5,0,4,4,3,0,3,4,3,5,0,4,0,4,0,0,4,4,4,5,4,4,4,0
A2WZ1B92F81LJJ,0,0,2,5,0,2,2,5,3,5,0,3,3,4,4,4,0,0,4,0,4,4,0,4,0
A2X27FQSHP418Y,1,0,0,0,0,2,4,4,0,0,0,1,0,4,0,0,0,3,0,1,0,0,0,0,4
A2X6GEC6LCDN4S,3,5,4,5,0,4,0,3,4,5,3,0,1,4,0,4,0,0,0,0,4,5,4,0,0
A2XGJ56VCFOKKZ,0,3,4,5,4,5,0,0,0,5,0,0,0,0,0,0,0,0,0,0,4,3,0,0,0
A2XMBWQL0LGNJD,0,0,1,5,0,0,0,0,0,0,0,0,4,0,0,0,5,0,0,0,4,0,0,0,4
A2XQ48481DIO80,0,0,0,5,1,0,3,5,3,5,3,0,3,0,0,0,0,0,0,5,0,0,5,0,0
A2XRMQA6PJ5ZJ8,5,5,0,3,0,2,4,3,5,0,5,0,4,0,4,0,5,0,0,4,2,5,0,3,3
A2XRZV63X79YSJ,0,3,0,5,4,4,0,3,5,4,5,0,0,3,3,0,5,0,0,0,0,5,5,0,0
A2XVRCU5DQBULH,0,0,0,0,0,0,4,3,5,0,4,0,4,0,4,4,0,0,0,5,0,5,0,4,0
A2XXV9HF169LCF,0,4,0,4,0,4,4,3,0,5,0,1,0,4,0,0,4,4,0,0,0,2,0,4,5
A2YAABMT80RLYA,0,0,0,3,0,5,4,4,0,0,0,0,4,3,0,0,3,0,5,0,0,4,0,0,0
A2YCG57S65QXUU,0,5,5,0,0,0,0,5,0,5,0,0,5,0,0,0,0,0,0,0,0,0,0,0,0
A2YM3KILJ1G0YJ,4,5,4,4,5,5,4,4,4,5,4,3,4,5,3,4,0,3,0,5,5,4,3,5,5
A2YXMN40D7WTGP,4,0,0,0,0,0,0,4,0,4,0,0,0,3,0,0,3,0,2,0,0,0,3,1,0
A2Z0A3DOG0EVTY,0,3,5,4,0,2,3,0,0,0,5,2,4,0,4,4,0,3,5,0,3,0,4,0,0
A2Z28WKY1LHBKY,0,0,0,0,5,0,0,3,3,2,0,2,5,0,4,5,0,3,0,0,5,5,0,3,0
A2Z379ES750ZRY,0,2,5,5,5,0,0,2,5,2,5,0,0,0,5,0,0,0,0,0,2,0,0,4,3
A2Z44AN3F2IN61,4,5,0,0,5,0,0,0,0,0,0,5,4,4,4,5,0,0,0,5,0,5,3,5,0
A2Z5WEA0KOMN9G,0,2,5,4,5,3,0,0,3,4,5,0,0,0,3,0,5,0,0,0,0,0,0,0,0
A2Z7TU96G2WB9B,0,0,0,0,4,0,0,4,4,0,5,4,4,0,4,0,0,0,0,2,4,4,2,5,3
A2Z9FXHC1L66EW,0,5,0,0,0,0,0,0,0,0,0,0,5,5,0,0,5,0,0,0,5,0,0,5,5
A2Z9XBCYT3AHHU,0,5,0,0,0,0,0,0,5,4,5,5,3,0,0,0,0,3,0,0,0,0,0,5,2
A2ZB8B7VQONZA6,4,5,0,0,0,0,0,3,0,5,4,0,4,0,5,0,0,4,0,5,4,4,5,5,0
A2ZE73RFY0GD3K,0,0,5,0,0,0,0,5,4,5,0,0,4,0,0,5,0,0,0,0,4,0,0,5,0
A2ZGVH5DNCK8I4,1,5,0,0,5,4,0,0,5,0,5,0,5,5,0,5,5,5,0,0,4,0,0,5,5
A2ZHH7AK83JB5G,0,5,0,0,0,0,5,0,5,4,0,5,0,0,5,5,4,0,0,0,0,2,5,5,4
A2ZHSORK1HHYTT,0,0,0,0,2,1,4,0,0,4,5,4,5,3,0,0,0,4,5,0,3,4,0,0,0
A2ZLROGIL2V7GV,5,5,5,0,5,0,5,4,5,5,2,5,4,5,5,5,4,5,0,4,5,5,0,4,0
A2ZSC81MXLBELX,5,5,0,5,3,4,5,0,5,5,5,0,0,5,5,5,0,5,0,0,0,5,0,5,0
A2ZVERVFM25MJT,0,4,4,0,4,0,0,4,4,3,0,4,4,0,5,0,5,5,4,0,3,5,0,3,4
A3081Z4P774YR4,5,5,5,0,4,0,0,5,4,0,4,4,5,0,0,5,4,5,0,0,0,0,0,0,4
A30A5I8FG82M2E,5,1,2,0,0,0,0,5,0,1,2,1,3,5,0,0,0,0,0,0,0,2,0,0,4
A30IP5D5DLHRPA,0,0,4,0,4,5,0,0,0,0,0,0,0,0,4,0,5,0,4,0,0,0,0,0,4
A30LMTLC9XVWKJ,0,0,0,2,0,4,4,2,2,4,0,5,0,0,0,0,0,0,5,0,0,1,3,4,0
A30TK6U7DNS82R,4,5,5,4,0,4,3,3,4,4,3,5,4,5,4,4,4,4,5,0,4,5,4,5,4
A319SKSB556033,0,3,4,1,3,3,2,4,4,5,4,2,3,5,3,5,5,4,3,3,3,3,4,0,0
A319Y83RT0MRVR,0,0,0,3,4,3,2,0,5,4,0,4,0,2,5,5,5,4,5,0,0,4,1,5,4
A319YRDK8Y39N,4,0,0,0,0,0,4,0,4,5,0,4,3,0,0,0,0,5,0,4,0,4,0,0,0
A31ARSC1LGY8WK,0,4,0,4,5,4,3,0,0,3,4,4,2,4,4,4,3,5,0,0,4,4,2,0,3
A31D8QKJXU93BT,3,0,0,0,5,4,0,0,0,3,4,0,0,0,0,0,0,0,5,4,4,0,4,3,0
A31I3HXMD5H1EL,0,5,0,5,5,5,4,5,3,5,5,3,5,5,4,5,5,5,4,0,4,5,4,4,0
A31JRSZQ76YA1N,3,0,0,5,5,0,1,5,1,1,5,0,0,1,5,0,4,0,5,0,0,2,0,5,5
A31RM5QU797HPJ,0,0,0,0,0,0,0,1,0,0,5,4,5,4,4,5,0,4,0,0,1,4,1,5,0
A31U2QT7SAL7K,4,5,0,0,5,5,5,4,4,5,5,1,4,5,5,4,4,4,5,0,3,0,5,4,3
A327YZ9EDPHDOQ,5,5,5,0,5,0,5,0,0,5,0,0,5,5,5,5,5,0,0,0,0,5,5,5,0
A328547P5BGZC,0,0,5,0,5,0,0,0,5,5,5,0,0,5,5,0,0,0,0,0,0,4,0,5,5
A328S9RN3U5M68,4,4,4,4,5,4,5,4,4,4,3,4,4,5,4,5,5,4,3,4,4,4,4,4,5
A329U9CDUPKXAC,5,4,5,4,4,2,0,3,4,4,3,4,5,0,4,4,2,5,5,4,2,3,2,4,0
A32AK8FOAZEPE2,3,2,5,3,5,4,0,0,5,5,0,0,5,5,3,4,4,3,1,4,3,0,3,2,4
A32B206L2SEXRA,0,0,0,0,5,0,4,0,0,5,5,4,5,0,0,0,0,0,0,0,0,0,0,0,0
A32DTCFBBB9WIV,1,0,3,0,0,0,0,0,4,0,0,0,0,5,1,1,0,0,0,0,2,0,0,0,0
A32JKNQ6BABMQ2,3,5,5,0,4,4,1,3,4,3,3,4,0,0,3,4,4,4,4,4,4,4,5,3,0
A32K4BV5DFG3KP,5,5,3,0,0,0,4,0,4,0,4,0,4,0,1,0,4,4,0,0,0,4,3,0,5
A32T2H8150OJLU,4,5,4,3,0,0,0,4,0,4,0,4,5,0,0,0,0,0,5,0,0,0,0,5,3
A32XK1ZCXM66OT,5,5,0,4,5,0,0,4,4,5,3,5,5,0,0,0,4,0,5,0,5,0,5,5,5
A32XW50ILWOXNO,3,3,4,2,2,3,3,0,3,3,0,3,3,4,3,0,0,3,3,3,4,4,3,3,2
A331OF34UX4Y1K,2,1,3,1,2,0,3,2,3,2,3,1,3,2,1,3,0,3,0,1,2,3,0,0,0
A33CLVW2K7SL1P,5,2,0,4,5,5,2,2,3,4,2,0,3,2,4,5,0,2,5,2,4,3,2,2,5
A33IZJVCKFKDPU,5,4,0,3,5,5,3,4,0,4,0,0,5,0,5,0,0,0,0,5,0,4,4,0,5
A33L7G4E8CID3,3,4,5,5,0,5,0,0,0,0,0,4,4,5,0,5,3,5,4,0,2,5,0,5,0
A33PNAQ33DGBJG,4,5,4,3,4,5,0,5,4,4,3,3,4,1,2,5,1,3,5,4,0,0,4,5,2
A33TBHM3O9AY17,4,0,5,0,4,4,4,4,0,0,3,0,2,0,3,0,0,0,3,4,2,3,0,0,0
A33XHXRTRZOQ12,0,0,3,0,0,4,3,5,4,0,0,0,5,0,4,0,0,0,0,5,5,0,0,5,0
A345WVAVMMO6F0,0,4,4,2,0,1,3,0,3,0,5,4,4,2,0,3,0,2,3,0,0,0,3,4,4
A34D06JL7LC6MU,5,4,5,5,5,4,5,5,5,5,4,5,5,5,5,5,5,5,5,0,5,5,5,4,5
A34D4KCP94ACJZ,0,0,2,2,4,3,5,4,3,3,3,5,4,5,4,5,4,4,3,0,0,5,1,5,5
A34GZPHWYPSY2T,3,0,0,4,4,4,0,4,2,5,0,3,3,0,4,0,3,4,5,0,0,4,3,3,5
A34HYQ9BQZPE78,0,0,0,5,5,0,5,5,0,0,5,0,0,0,0,5,0,0,0,5,0,0,5,0,0
A34IBXM7E8CPWE,0,1,0,3,4,0,3,5,0,5,4,2,5,4,2,0,0,0,0,5,3,4,4,2,0
A34K8D262NZQJF,4,0,5,0,5,0,0,0,4,5,5,5,5,0,0,0,0,0,0,0,0,4,0,0,3
A34KBK8ORA5GRV,0,0,0,5,0,0,5,0,5,5,0,0,5,0,0,5,5,0,5,0,5,5,0,0,0
A34PAZQ73SL163,5,0,5,5,5,4,4,5,4,4,4,3,5,5,5,4,0,4,5,0,4,5,3,5,0
A34VV92TSLC37R,0,0,4,0,5,5,4,4,5,2,0,4,3,0,4,0,0,4,5,3,0,0,3,0,0
A34W7QA4J5UTOR,0,5,0,0,0,0,0,0,4,5,0,0,0,0,5,0,0,5,0,0,0,0,0,0,0
A34XPZS5DXA6HA,5,0,0,0,0,0,0,0,0,0,0,0,0,5,0,5,5,0,0,0,5,5,0,5,0
A34ZAYTNP67S83,4,0,0,5,0,0,0,3,4,0,4,0,0,0,0,0,0,5,4,3,0,0,0,0,3
A355WMP0CQBJFX,4,5,4,5,4,4,4,5,4,4,4,4,4,0,0,4,4,4,4,0,5,0,4,0,0
A356HRZZFCEGL1,0,0,0,0,4,0,0,4,0,4,0,0,4,0,4,5,0,0,0,0,4,0,0,4,0
A356RFKNIG043B,4,0,0,4,4,3,4,3,3,5,5,3,4,5,3,4,4,5,3,4,0,4,4,4,4
A356TJCTCLDN89,2,3,3,0,3,0,0,2,3,3,2,5,5,0,0,0,2,3,4,0,0,0,2,0,0
A3572FTYUQQW3P,3,4,3,0,3,4,0,0,4,4,0,4,0,0,3,5,0,0,0,5,0,0,2,3,4
A359IT81FBX64Y,2,4,0,0,2,1,0,5,0,2,0,5,0,0,2,4,0,1,0,2,0,4,0,0,0
A35AMPDFAB8JLT,5,0,0,0,0,0,4,0,0,0,0,3,0,0,0,0,0,4,0,0,0,4,0,5,0
A35L2E8M7S59MQ,5,0,4,4,0,5,4,5,0,5,4,1,3,5,3,5,3,4,2,0,4,4,5,5,0
A35R8PJSEURHHF,4,4,0,2,0,1,0,2,0,3,1,0,0,5,3,3,2,3,0,0,4,0,1,0,3
A35WVFSULRE1G9,0,4,0,0,5,0,1,3,0,0,3,0,0,5,0,0,0,0,0,0,0,0,4,3,0
A35XFZN4MWNKK4,0,0,0,0,5,0,0,0,0,0,5,0,5,5,0,5,0,0,0,5,0,0,0,5,0
A35XMSURGM0L1N,0,4,0,0,5,5,0,3,4,0,4,0,0,0,0,0,0,0,0,0,2,4,0,0,0
A35YWA2V4QHOJ3,4,0,2,4,5,5,0,0,0,5,0,5,5,0,5,5,2,5,5,4,4,4,4,3,4
A35ZK3M8L9JUPX,5,5,5,5,5,5,5,5,5,5,5,5,5,5,5,5,5,5,5,5,5,5,5,5,5
A363QRXP83K8ZE,0,0,3,4,4,0,2,3,0,4,4,0,0,5,4,0,0,0,0,0,0,0,0,0,0
A36AH31X84FIC8,0,0,0,0,0,0,0,5,0,5,0,4,3,5,5,5,0,5,2,0,0,5,0,0,0
A36EW68H08UOCS,5,5,4,5,5,5,0,0,4,4,5,4,5,5,5,5,5,5,5,0,4,4,4,4,5
A36HBE2C5SQ2E6,0,0,0,3,0,0,0,0,0,0,2,0,3,0,4,4,4,5,5,5,5,4,4,0,0
A36NUDST4Y5JBA,0,0,0,0,0,5,0,0,0,4,0,0,2,0,5,0,3,0,0,5,0,5,0,0,0
A36QYTMMJ0O2IZ,0,0,5,5,0,0,0,0,0,0,0,0,4,0,4,0,5,0,0,0,3,5,5,4,0
A36RS7KTNOBROF,0,0,0,3,0,5,5,2,0,5,0,5,0,0,5,0,0,5,5,0,5,2,3,0,4
A370Z6I5GBWU44,4,4,3,4,4,4,4,4,3,4,5,4,4,4,4,5,4,3,4,5,4,4,4,4,5
A37B3O457INKEA,0,0,5,5,0,5,0,0,5,5,0,0,0,0,5,0,0,0,5,0,0,0,0,0,0
A37DLVPKJZGSQF,5,4,0,0,0,0,5,0,4,0,0,0,0,5,0,0,5,0,4,0,0,0,0,5,0
A37OOQQLMMKYR8,0,0,0,5,0,0,0,4,4,0,4,2,0,4,5,4,5,0,0,0,0,0,1,0,2
A37PV5GMP2ILJC,4,0,0,5,4,4,4,4,0,3,4,4,4,0,5,4,0,4,4,4,0,4,0,0,4
A37S3ACL57LN62,0,0,0,5,0,5,0,0,0,4,0,0,0,4,4,5,3,0,0,5,0,5,0,4,0
A37ZOGOK3GKF2P,3,3,5,4,0,4,0,4,0,0,5,3,0,5,0,0,3,0,0,0,4,5,4,4,4
A387BD735MI50R,3,3,4,2,3,0,3,3,1,4,3,4,4,3,4,4,3,2,2,3,3,4,3,0,4
A38921VU3NJDFK,4,0,0,0,0,4,0,0,0,0,0,5,0,0,4,0,4,0,5,0,4,3,0,4,4
A38DQCCC64K4W,0,0,0,4,0,0,0,4,5,5,4,0,0,0,4,5,5,0,0,5,0,0,3,5,5
A38I00SO3D9ZSM,3,5,4,0,3,2,2,0,0,5,0,2,3,4,4,0,0,0,4,0,0,4,4,3,0
A38N7SFDOB3MR3,2,0,0,1,5,1,4,3,1,5,5,4,4,0,5,0,5,2,4,0,0,5,0,0,4
A38QEATH3NODFM,4,0,4,5,5,0,4,0,4,3,0,0,5,4,2,4,0,5,0,3,5,3,3,4,3
A38QJ7JUUTVLKX,5,5,0,3,4,5,5,4,5,5,4,5,5,0,2,5,4,2,4,4,5,5,4,0,0
A38U2M9OAEJAXJ,0,3,5,1,4,3,3,2,4,5,4,0,4,0,0,0,5,0,5,0,4,4,0,4,2
A38UBVJEV1LLS7,5,0,0,4,0,5,5,0,0,5,0,5,5,0,0,0,0,0,5,5,0,0,0,0,4
A38UHOCEKSUOSP,4,4,3,4,5,0,0,4,5,0,4,4,5,5,5,5,0,0,0,4,4,4,0,4,4
A38YUU4J5Q4EJO,5,0,5,5,5,5,0,5,0,5,0,4,5,0,5,3,5,0,0,0,5,5,4,0,5
A38ZTUNQJVGP6S,0,0,0,0,0,0,0,5,0,5,4,0,4,0,5,0,5,0,0,0,0,0,5,0,3
A391YPR0NFTCLK,5,5,5,3,0,5,4,5,5,0,5,4,5,0,0,0,5,5,0,0,4,0,5,4,3
A3956O40ZZYFMY,0,5,5,1,0,0,0,4,5,5,0,0,0,5,0,0,0,0,0,0,5,5,0,0,0
A39AWL2FKWDFK6,5,4,4,5,5,5,3,3,4,5,5,5,3,5,3,5,4,4,5,4,3,4,5,4,5
A39C7SEMCJWVOI,0,0,0,0,0,0,5,5,0,0,0,5,4,0,0,0,5,0,0,0,5,0,5,0,0
A39CX0EE4BZCZC,4,4,4,4,4,5,4,4,5,5,5,4,5,4,5,4,4,4,4,5,3,5,4,4,5
A39IBJB2PBVC7I,4,0,3,2,5,4,0,3,5,3,5,4,2,0,2,5,0,3,4,4,3,5,3,2,5
A39IY0JU5JI69G,4,4,3,4,4,4,5,0,4,5,5,5,0,3,0,4,0,4,0,3,0,3,4,3,5
A39NS429FYXAD1,2,5,0,4,5,5,5,3,4,0,5,0,4,0,5,0,4,0,0,4,4,2,0,5,5
A39VJRIW7HC5C0,5,0,0,0,3,3,0,3,0,0,5,2,0,5,0,0,0,0,0,0,0,0,0,0,0
A39W3263A9HCMN,4,5,2,5,3,4,3,5,3,3,4,2,3,2,5,5,3,0,1,4,5,3,4,4,0
A3A48XEYWLWH7T,4,4,5,0,4,4,3,4,0,0,5,0,0,3,0,0,4,0,0,4,4,5,0,5,3
A3A4WQL80WOTMH,2,0,0,0,4,0,5,5,0,0,5,0,0,0,4,0,5,4,5,0,5,0,0,4,5
A3ADUOVTY3TIRU,0,5,0,4,0,0,5,0,0,3,0,0,5,0,0,5,0,0,0,0,0,0,0,0,4
A3AEYDNYCWH2IZ,0,0,0,0,4,1,0,5,0,5,0,5,4,0,5,0,0,0,5,0,5,5,4,5,0
A3AKPY4LXIC24O,5,5,0,0,0,4,0,4,4,5,5,0,5,0,0,0,5,0,0,5,5,0,5,5,5
A3AOKQCH0YBZDS,4,0,3,3,3,3,0,0,4,3,2,3,4,3,4,0,4,3,5,0,3,4,4,0,4
A3AP6H48QHX8BR,0,0,0,5,3,0,0,4,0,0,0,5,0,0,4,5,0,0,0,0,0,3,5,2,0
A3APW42N5MRVWT,4,0,0,2,4,0,4,4,0,4,0,4,5,5,2,5,4,4,0,4,0,4,4,3,5
A3ARJ16772TKHT,4,2,4,0,0,0,0,0,0,0,0,0,4,0,5,0,4,4,3,0,4,0,0,5,5
A3ATTCCO32ZXET,5,0,0,0,0,4,4,4,3,5,4,0,4,0,0,0,3,0,0,4,0,0,5,0,4
A3AUECYM0M0YSX,3,4,0,5,4,2,0,0,5,3,5,4,4,0,5,4,0,0,0,0,0,0,3,5,0
A3AVJCB1ZD6ZY5,4,5,4,4,3,4,0,4,5,5,5,0,4,3,3,4,4,4,5,3,5,5,4,5,5
A3AY3EV2MFRFGG,0,0,0,0,0,0,0,3,0,0,0,0,0,0,4,0,5,0,0,0,0,0,5,3,0
A3B87UZLPCF0HW,4,0,5,4,5,5,4,5,0,5,0,5,0,5,4,4,5,4,3,3,4,5,5,4,0
A3BFJFJRXMWXAX,0,4,0,0,5,0,0,0,5,0,0,0,4,0,0,4,0,0,0,0,0,0,2,4,0
A3BJDFGSLXFB36,0,4,4,2,0,0,0,4,0,2,2,1,3,5,0,4,0,0,4,0,4,4,4,0,4
A3BSS2M2DPPV4T,0,0,0,5,0,0,5,0,0,0,5,0,5,0,0,5,0,0,0,0,0,0,0,5,0
A3C6CZC2JP67VK,4,4,5,4,4,4,4,4,4,4,4,4,4,5,4,4,4,4,4,4,4,5,4,4,3
A3C6X0DAM87GN4,4,3,3,0,5,4,5,2,4,4,3,2,5,0,4,0,0,4,4,0,0,2,2,0,3
A3CCYAQRHUTPIQ,0,0,3,0,0,0,0,0,0,0,0,0,4,0,0,4,4,0,0,0,5,0,0,0,0
A3CFT5LHFCB46K,5,0,0,4,0,0,5,0,5,5,5,0,0,0,5,5,0,5,0,0,0,5,0,5,0
A3CIH3P8UDB6GR,0,0,0,4,3,3,3,0,0,4,3,4,4,0,0,0,0,0,4,0,0,5,0,4,0
A3CL82UITQJLWS,3,5,0,0,1,3,5,2,5,3,0,1,2,5,5,5,4,5,0,1,0,5,1,0,4
A3CN9CCJUNIPKT,4,3,4,4,3,5,3,4,0,4,3,4,4,4,4,0,0,4,5,0,4,4,3,2,3
A3CWH6VKCTJAD,4,4,0,0,0,0,4,4,5,4,5,4,5,0,4,5,0,0,0,4,0,3,0,5,0
A3D2VIUT2HWP0Z,4,5,5,0,5,5,5,1,0,5,5,5,4,5,5,4,5,5,5,0,5,5,5,5,5
A3D6KZT0QG6UKB,0,0,0,0,2,0,4,3,3,5,3,3,0,0,4,0,0,0,4,0,5,0,5,0,0
A3D6OI36USYOU1,2,0,0,0,0,0,3,0,0,3,1,0,3,5,3,2,0,2,0,0,0,3,0,3,0
A3D6TFYRMIV3ZL,0,0,0,5,5,0,0,0,5,0,0,0,0,0,0,0,0,0,0,0,0,0,0,5,0
A3DDPQ9342UNMY,4,4,2,5,0,0,4,0,0,5,0,4,4,4,5,4,5,5,3,0,4,4,0,4,5
A3DE1IYJGU5HPW,5,0,0,5,0,0,5,5,5,0,0,0,4,0,0,0,0,0,0,4,0,3,0,0,0
A3DGB4HN3QCGAL,0,0,0,0,0,4,2,4,2,4,4,4,3,0,3,4,0,0,3,0,0,3,0,3,0
A3DGVB3T5QJNRE,1,0,1,3,0,3,0,1,1,1,0,5,5,0,1,0,5,1,0,0,3,4,5,0,3
A3DHQ5WO80X1IZ,4,5,4,2,3,3,0,5,4,4,4,0,1,2,4,4,4,3,0,0,3,3,4,3,4
A3DWUM6SN3N3NR,0,0,0,0,0,5,4,0,5,0,0,4,0,0,5,0,0,0,4,5,5,4,0,0,4
A3DY46ZABF4CMQ,4,5,3,4,5,3,5,0,4,5,4,5,4,5,0,4,0,5,4,5,4,5,4,4,0
A3E5OY3YLZMOA9,0,0,5,5,5,3,5,5,0,2,5,0,3,0,0,0,0,4,4,4,3,5,3,0,0
A3E975KR2HRERX,5,5,4,0,0,0,4,0,5,0,0,0,0,0,0,0,2,2,3,1,0,0,2,2,0
A3EAU736LWTDCE,0,2,0,4,0,3,4,4,0,0,3,3,4,0,4,4,0,0,4,3,3,3,5,3,5
A3EBHHCZO6V2A4,3,3,0,0,0,0,0,0,5,5,5,5,5,0,0,0,0,5,4,0,3,3,2,5,4
A3EE0H0NWQ9QVL,5,5,5,4,5,4,0,5,5,4,3,4,5,5,4,5,4,3,4,5,4,4,4,4,4
A3EISFBTLEQC69,5,0,5,0,0,0,0,0,0,5,0,0,0,0,5,0,5,0,0,0,0,0,4,5,5
A3EJYJC25OJVKK,5,4,5,5,0,5,4,5,5,5,0,5,2,5,0,0,5,0,5,0,5,5,5,5,0
A3ENN25NFADE1X,5,4,4,0,2,0,4,5,0,0,5,4,5,0,0,0,3,0,0,4,4,0,0,0,0
A3EOVXI1VZIHUQ,4,0,0,4,3,5,0,4,3,3,2,5,5,0,0,3,0,3,5,0,0,0,3,0,4
A3EOYN87MMNHL1,5,0,5,0,5,0,0,0,5,5,5,0,0,0,5,0,0,5,0,0,0,5,0,5,0
A3EUSH8DPW75LR,5,0,0,5,5,0,4,0,4,4,0,5,0,0,5,0,4,5,0,4,0,5,0,0,4
A3EZHMGGWY74HY,5,5,0,4,5,0,4,4,5,5,2,0,0,5,0,0,0,0,0,0,0,0,0,3,0
A3F2JUHM6C9RZ9,0,0,0,0,0,0,4,0,4,0,0,0,5,4,5,0,0,0,5,0,0,4,0,3,0
A3F3B6HY9RJI04,4,4,2,0,3,0,5,4,0,4,0,3,4,0,0,0,0,3,3,0,3,0,3,3,0
A3F9G9G8CJGJPO,0,0,0,0,0,0,0,5,0,0,0,0,0,0,0,0,0,0,0,0,0,0,0,0,5
A3F9VH8916IA40,0,0,4,0,1,5,0,4,0,5,3,4,1,2,5,5,0,0,0,0,5,0,1,0,3
A3FBGZ4E6KGIW2,0,0,0,2,3,3,3,3,0,4,0,5,2,0,4,0,0,0,4,4,4,3,4,0,0
A3FDEI5P21XX6S,4,0,0,5,5,5,0,5,0,5,2,5,0,0,0,0,0,0,0,0,4,5,0,5,0
A3FEQXNCFC68KC,5,5,0,0,0,0,0,0,0,5,4,2,4,5,0,5,3,2,0,0,0,5,0,5,3
A3FL6CIO8QIJ2F,5,5,5,5,5,0,5,5,5,5,5,5,5,5,5,5,0,5,5,0,5,5,5,5,5
A3FUBUJAIGM87T,0,1,0,0,4,4,3,2,2,0,3,0,2,0,3,0,0,0,0,1,0,0,1,2,0
A3FVAWZNKW9GX,0,2,0,5,0,4,0,0,0,5,0,4,5,4,5,0,0,0,0,0,0,0,4,4,0
A3FY3H6F4249E0,0,0,5,4,3,4,5,4,0,4,0,0,3,0,5,0,5,5,0,0,5,3,5,4,0
A3GA09FYFKL4EY,5,5,5,5,5,0,5,5,4,4,4,5,5,4,5,0,0,0,1,5,0,1,5,5,5
A3GD9BKIUT3I89,4,4,2,5,3,0,0,0,0,0,5,0,0,4,5,0,3,5,5,0,5,5,5,3,0
A3GKMQFL05Z79K,4,0,0,5,0,0,5,5,4,0,0,4,5,5,5,0,5,0,5,4,4,0,0,0,0
A3GKOMCQTTWPUI,0,4,4,4,3,5,0,3,3,4,3,0,0,3,0,0,5,0,4,3,3,0,3,4,0
A3GKPMHV4U64IY,0,3,0,5,0,4,4,4,0,4,4,2,4,5,0,0,4,0,4,4,4,5,4,4,0
A3GN9I0UYV08LC,0,4,0,5,0,0,0,0,0,0,0,0,0,0,0,0,0,0,0,0,0,5,0,5,0
A3GQKB1KF0CRPE,5,2,5,0,4,5,3,0,0,4,5,2,5,0,0,0,5,4,0,0,0,5,5,5,0
A3GRN6J64F2C3X,4,3,4,5,5,3,0,4,4,4,4,3,4,4,4,0,0,4,4,3,4,4,4,3,0
A3H9JSM1SUTE4O,4,4,3,5,4,4,4,2,3,5,3,1,3,4,4,5,4,3,4,4,3,4,4,5,2
A3HM5G9IV1FTFP,4,5,5,4,3,5,0,4,2,4,0,5,0,4,4,5,3,4,4,4,0,4,3,0,5
A3HQXFLZ6WI70Q,5,5,4,5,5,5,0,5,5,4,0,0,5,0,0,0,5,0,0,5,5,0,5,0,5
A3I49HL6XR62DI,0,0,0,0,0,5,0,4,0,4,4,2,3,5,4,5,0,4,3,0,4,3,5,4,0
A3I69IXPTDVKQF,0,5,0,5,5,0,5,5,4,4,5,0,5,5,5,5,4,0,0,5,0,5,5,5,4
A3ICCTSCBT7GS9,5,5,5,0,0,0,5,0,5,0,0,0,0,0,0,5,5,0,0,5,5,5,0,0,0
A3ICDLUQ3V2QY2,2,0,0,0,0,0,0,3,0,0,0,3,4,0,4,0,2,0,4,0,5,5,0,4,0
A3ICHEO78NFE4Y,1,4,1,2,0,0,0,0,5,3,5,5,1,0,0,5,3,1,0,5,1,2,1,1,3
A3IDMLOWLHWNDJ,0,4,0,3,0,4,0,3,0,5,2,3,5,4,4,0,0,3,4,4,0,1,3,3,0
A3IE0P2JMWW0H7,0,5,5,0,5,0,0,0,0,4,0,5,5,0,0,5,0,0,0,0,5,4,0,0,0
A3II1ACACC5MTX,0,0,0,4,0,0,0,0,0,5,2,0,0,4,0,0,0,0,0,0,3,4,0,4,3
A3IKBHODOTYYHM,4,5,0,4,5,4,3,4,0,3,4,4,0,0,4,5,3,3,0,4,0,0,4,4,5
A3IMNZSYDOTTU6,0,0,0,5,5,0,5,5,0,5,4,0,5,0,0,0,0,0,0,0,0,0,5,0,0
A3IXPFN5DU9Z9L,4,0,3,0,0,0,0,4,5,5,0,5,3,0,4,0,5,0,3,0,4,0,5,0,0
A3J5V2GMXMOGCI,0,0,0,3,3,0,0,0,3,0,0,2,0,0,0,5,0,3,0,0,0,3,0,0,0
A3JLOIXFM75QNV,4,3,3,3,4,4,4,2,3,3,2,4,3,4,3,3,4,3,3,3,3,3,4,3,3
A3JPFWKS83R49V,0,0,3,0,0,3,0,3,0,3,0,0,4,0,4,0,0,0,5,0,4,4,3,4,4
A3JXOXKWOIETIY,1,0,0,0,0,0,0,2,0,0,0,0,0,0,2,0,0,5,5,0,0,5,3,2,0
A3JZ5L52FM318H,4,5,0,0,0,0,0,4,0,5,5,4,0,4,0,0,0,0,0,5,0,0,0,5,0
A3K5IMGDCDBCNF,4,4,0,3,0,0,0,0,5,0,0,0,0,0,0,0,0,0,0,3,5,0,0,0,0
A3K8TYU7UOUTR0,0,3,0,0,5,1,0,5,4,0,5,0,0,5,0,0,0,0,5,5,4,0,0,5,5
A3KB1H0S7T6JX1,4,5,5,5,5,3,5,4,4,4,3,4,4,4,4,4,2,4,5,4,4,4,4,4,4
A3KEZLJ59C1JVH,4,5,4,4,5,5,4,4,0,4,3,5,3,5,3,5,1,0,5,4,5,4,3,3,4
A3KF4IP2MUS8QQ,5,5,5,5,5,3,5,4,3,4,3,5,5,5,4,0,4,4,4,5,5,5,5,4,5
A3KJ6JAZPH382D,4,5,4,4,4,3,0,3,3,4,0,3,2,4,4,4,4,4,3,4,0,3,3,4,4
A3KKM0T1KY42HA,3,5,4,3,4,4,3,3,3,4,3,4,4,5,4,4,4,3,4,3,3,4,3,4,4
A3KL7NXOAGKD3U,4,0,2,4,4,4,3,4,0,3,4,0,0,0,3,1,0,4,0,3,4,4,4,4,0
A3KROYMQ61M7A,0,0,0,0,0,0,0,0,4,0,0,0,0,3,0,3,3,0,0,0,0,4,4,4,0
A3KUUII2GSHN7T,4,3,5,0,4,4,0,3,0,5,3,3,2,0,0,5,0,4,3,0,3,5,0,5,5
A3KY68OTSNHM3G,3,5,4,5,5,5,5,4,4,5,5,5,5,5,5,5,0,5,5,0,4,0,5,5,5
A3L2U581LL17EB,5,0,5,0,0,4,1,2,3,5,0,0,3,0,0,0,0,3,0,4,3,5,0,0,0
A3LGT6UZL99IW1,0,0,0,5,2,2,0,3,0,0,1,4,4,3,0,0,1,1,5,3,0,3,0,0,0
A3LH77PBDFEO3F,5,0,5,5,2,5,5,3,5,4,1,4,2,5,5,0,5,3,0,0,4,3,0,3,4
A3LOBF0ZU1HE0S,5,5,4,0,5,0,0,3,0,3,4,0,4,0,0,0,0,0,0,0,0,0,0,0,4
A3LPQAPU2ILDD0,0,5,0,5,5,5,0,0,0,4,0,0,4,0,0,4,0,0,0,0,5,5,5,0,0
A3LU79BYMWZEW9,4,0,0,5,0,4,0,0,4,5,0,4,4,4,0,4,0,0,4,0,3,4,0,0,4
A3LXKO2S6G2DBI,3,5,3,0,4,4,4,0,0,5,4,0,4,2,0,0,3,0,5,0,4,4,0,4,0
A3LZBOBV9H1HDV,5,5,5,5,5,5,5,5,5,5,5,5,5,5,5,5,5,5,5,5,5,5,5,5,5
A3LZGLA88K0LA0,4,5,5,4,4,4,4,4,4,5,3,4,5,4,3,4,5,4,3,4,5,4,4,4,4
A3M1NNDD95HR0R,5,5,0,0,0,0,0,0,4,0,5,0,5,0,0,0,5,5,5,0,0,5,5,5,4
A3M2WW0PO34B94,3,4,3,3,4,4,2,3,3,4,3,4,2,5,4,4,4,3,3,4,3,4,3,4,4
A3M3FG82ZE1J8I,0,0,0,0,5,0,0,0,5,0,5,5,0,0,0,0,0,0,0,0,0,0,0,0,0
A3M5O6UHXO9IBU,2,1,0,0,2,0,0,1,2,2,2,2,2,2,2,0,3,0,0,3,0,2,1,1,2
A3M6RVUVZOQZLB,0,0,3,4,0,4,5,5,0,5,4,2,0,0,5,5,4,5,0,0,4,5,0,0,5
A3MCC5MAJYJYMD,0,1,0,2,0,0,3,0,1,0,5,0,4,3,5,2,0,5,4,0,0,0,0,0,0
A3MCQSIBV7QW8Q,4,0,0,0,0,0,0,0,0,5,0,3,0,5,0,0,0,5,0,0,0,0,0,5,3
A3MQ672FYFNM7B,0,5,0,0,5,5,0,5,0,5,5,0,0,0,4,5,0,0,5,0,0,5,5,0,4
A3MV1KKHX51FYT,3,0,2,4,2,2,3,2,0,2,3,3,0,4,4,4,2,3,1,4,3,2,5,4,3
A3N0LBOUQAD1BG,0,0,0,3,0,0,5,3,0,0,1,0,3,0,0,0,0,0,0,0,0,5,1,5,0
A3N3SN2DDD4HCJ,3,5,0,0,5,2,5,0,5,0,0,4,5,0,0,0,0,5,0,0,0,0,0,0,0
A3N5XIM9R2OQH0,5,0,4,5,5,3,0,4,0,0,0,0,4,0,4,0,4,4,0,4,5,5,3,0,4
A3N6GAJTEOF4MO,5,5,5,5,4,0,5,5,4,5,3,5,5,5,5,5,4,3,3,5,5,5,5,2,5
A3N8RZSXKN1OR2,0,0,5,0,5,0,4,0,0,0,0,4,5,0,3,0,5,0,5,0,5,3,5,4,0
A3NH7PYU4AD5GA,5,4,5,0,5,5,0,0,0,5,5,2,0,5,4,5,5,5,0,3,0,4,0,4,5
A3NIQK6ZLYEP1L,0,0,5,0,0,0,3,5,5,5,0,5,0,5,5,0,0,4,0,4,5,0,4,0,5
A3NKFB39AIEN8W,0,0,0,0,3,0,5,0,0,5,0,0,5,0,5,0,5,5,0,0,2,5,0,5,0
A3NL1KW56O3JR8,2,0,0,3,4,3,0,4,1,5,4,0,2,0,2,4,0,3,4,3,3,4,0,3,2
A3NLH4A3XP4WA5,0,0,0,0,0,4,0,0,0,0,5,0,0,0,0,0,4,5,2,0,0,0,0,0,0
A3NM0RAYSL6PA8,3,2,4,0,4,4,3,2,5,4,4,3,3,0,4,4,0,4,3,4,4,3,2,2,3
A3NQI2JLNPFOF8,0,5,5,0,4,5,0,5,5,0,0,0,5,0,0,0,5,0,0,0,0,0,0,0,5
A3O2RCKAMSE9X7,3,3,4,0,0,5,4,5,0,0,0,0,5,0,4,0,0,0,3,3,3,5,0,0,4
A3O536E2YOKK4Y,1,3,0,5,4,5,3,5,5,4,0,0,5,5,5,0,3,3,5,0,4,5,4,5,5
A3O5T5VAQ3TD17,0,5,0,0,0,0,0,4,0,5,5,0,5,0,5,0,0,0,0,0,4,0,4,0,4
A3OEECMCM2T4KQ,4,0,0,3,5,0,3,3,4,5,5,4,5,0,4,5,0,0,5,4,4,5,4,5,4
A3OH101U0CPUC7,5,2,0,0,0,0,0,1,5,0,0,0,0,0,4,5,0,5,0,0,0,0,4,5,3
A3OI841P5R6FCH,0,0,0,0,0,0,0,4,0,3,5,0,4,4,0,0,4,0,0,0,0,0,0,4,0
A3OMPSEVL59ZDK,0,1,0,0,0,0,2,3,2,4,0,0,0,0,0,0,4,3,5,0,0,0,2,3,0
A3OXHLG6DIBRW8,0,0,5,5,0,0,4,4,4,0,5,0,4,5,5,5,4,4,0,5,4,4,4,4,4
A3P121GNV5QYIN,0,4,0,0,0,0,5,4,4,0,0,0,4,0,0,0,5,0,0,0,0,0,0,0,4
A3P1508PZ0UADD,0,5,4,5,5,0,0,0,0,4,0,3,5,0,5,0,4,0,0,0,4,0,5,0,0
A3P7WNM0UHV4YQ,1,0,2,1,3,0,0,1,0,2,0,1,1,0,0,5,3,2,0,0,0,0,3,1,0
A3P9D22KDEXVMN,5,0,4,0,4,0,5,3,5,5,0,5,3,4,3,4,0,0,0,5,0,5,4,0,3
A3PCTD8QM1BIXI,4,3,4,5,0,5,4,3,4,5,3,2,3,4,4,0,3,4,5,4,4,4,3,0,2
A3PPXVR5J6U2JD,3,4,4,3,4,4,4,4,3,4,2,4,3,0,4,4,5,4,4,4,4,4,3,4,4
A3PQ3K5RKNJYA1,5,5,0,4,5,2,0,3,0,2,1,5,0,0,5,0,0,4,1,0,2,5,4,4,2
A3Q04XXGGED746,0,5,0,0,0,0,0,0,0,0,0,0,0,0,4,5,0,5,0,0,5,4,5,0,4
A3Q1EDCBV2KU8D,0,0,0,0,4,0,3,0,0,4,0,4,4,0,0,4,4,0,0,5,3,0,4,0,4
A3Q1FVRV0CRYTH,5,5,5,4,5,4,4,4,4,4,4,4,4,4,5,5,0,5,5,3,5,5,5,4,5
A3Q4XAQXKKV6V,0,0,0,1,0,0,2,5,0,2,0,4,3,1,0,2,4,0,0,2,0,3,0,0,4
A3QH6BEY6RYQR0,0,0,0,4,5,5,0,5,0,5,0,0,4,5,4,0,5,0,0,5,0,5,0,4,5
A3QJU4FEN8PQSZ,1,2,3,3,4,4,0,5,0,2,0,2,1,3,3,0,2,1,0,0,3,3,1,3,0
A3QLAOOTFEHCJI,0,5,0,5,5,5,5,4,0,4,4,0,3,5,4,0,4,0,0,4,0,5,4,4,2
A3QNQQKJTL76H0,5,0,0,5,4,3,0,4,0,0,0,0,0,0,4,0,4,0,0,5,2,4,0,5,5
A3QZCA4LTTVGAD,5,5,0,0,4,0,5,5,5,5,0,0,4,0,0,0,4,5,5,3,5,0,0,0,5
A3QZXDBATXFNZX,0,3,5,0,0,0,0,0,5,0,5,5,5,0,0,0,5,5,0,0,0,5,0,0,0
A3R2YB0WTTB0IJ,5,4,0,3,4,3,0,5,4,5,5,4,4,4,0,5,4,4,3,3,3,4,4,4,5
A3R36DZQEWNVJ1,3,0,0,3,3,3,1,2,0,2,3,4,2,0,4,3,0,0,0,0,2,2,3,3,3
A3R6ST52EBN2FK,0,0,0,5,0,5,0,4,4,0,4,4,4,0,5,4,0,0,4,4,4,4,4,0,4
A3R8PXSFGY9MC2,3,5,5,4,4,5,5,4,4,4,3,5,5,5,4,4,4,4,4,3,4,4,4,3,4
A3R90OGE1EACZE,0,5,0,5,0,0,0,0,0,3,0,5,0,0,5,0,5,0,3,0,0,5,0,0,5
A3RB6NQOLOBXYD,5,0,0,5,5,0,5,4,0,0,2,1,4,0,2,0,5,0,0,0,5,0,0,0,0
A3RMAWK4ELOLRZ,0,0,3,3,5,4,0,0,0,5,0,0,4,0,0,0,0,4,0,5,0,5,5,5,0
A3RNC9BGR4J1ZF,0,0,0,0,0,0,0,0,0,5,5,0,0,0,0,0,5,0,0,0,0,0,0,0,0
A3ROE64EVHDTTV,5,5,4,5,0,4,3,4,0,0,4,4,4,4,5,4,5,0,0,4,4,4,0,4,4
A3ROZK0G84RGMZ,5,5,0,5,5,0,5,1,5,5,0,0,0,5,4,0,0,0,0,0,0,0,5,0,5
A3RRBPUGD7UOSP,0,0,0,0,0,0,0,0,0,0,0,0,0,4,0,5,2,5,0,0,0,0,0,5,0
A3RTMB76CJWY9U,5,4,0,0,4,4,5,2,0,0,0,0,0,0,4,5,5,3,3,0,3,0,4,3,5
A3S9887MZFNNH1,0,0,4,0,0,0,4,4,0,0,4,0,5,3,0,0,0,4,0,2,0,0,0,0,0
A3S98L5B1SR9P1,5,4,5,5,5,4,5,5,5,4,5,2,5,5,5,5,5,5,0,4,4,5,4,5,0
A3SFO2GSP5CVSM,4,3,1,4,4,2,3,2,0,3,4,3,3,0,3,5,0,5,3,0,4,4,3,3,4
A3SJSNS9LW981O,0,5,5,0,5,0,0,5,0,0,0,4,4,0,5,0,0,0,0,0,4,0,5,0,0
A3SS6VRWCTB7V,0,0,5,3,4,5,0,0,0,5,0,0,0,2,0,0,4,4,0,0,0,0,0,0,0
A3STFVPM8NHJ7B,0,0,4,4,0,0,3,3,3,4,3,2,0,4,0,4,0,4,4,5,0,2,5,0,4
A3SU3TXON36T0X,5,0,0,0,5,2,5,5,5,3,0,1,0,0,3,0,3,3,2,5,0,3,0,0,0
A3SYMLB8JSW5VD,0,5,0,3,0,5,0,4,5,5,0,0,3,0,0,0,0,2,5,2,5,0,4,0,0
A3T0OTH5072YRE,0,0,0,0,4,0,3,4,0,4,0,4,0,0,4,0,0,0,4,0,5,0,0,4,0
A3TD7B0CT1NHO4,0,0,0,0,0,0,0,0,0,0,5,0,0,0,5,0,0,0,0,0,0,0,0,5,4
A3TNM3C9ENUCFW,3,3,4,3,4,3,4,4,4,3,0,4,2,2,4,0,2,0,4,4,3,4,4,3,3
A3TUQ1JB7ZZNZG,0,0,0,4,5,0,0,5,5,0,0,0,0,5,0,0,0,0,0,0,0,0,0,0,0
A3TUZOJZM9008Y,0,0,5,0,0,0,0,0,0,5,0,0,5,5,0,4,0,4,4,0,4,4,0,0,0
A3TYC8T6W81DDB,0,0,4,3,5,0,4,3,0,5,0,2,4,5,4,0,4,2,0,4,4,4,4,2,5
A3TZV5SXQ8F6ST,0,0,4,0,0,0,0,0,0,5,0,0,4,2,4,0,0,0,0,0,3,3,3,0,0
A3U56M0Y8LYO6J,3,2,3,0,3,3,4,3,0,2,0,4,4,3,0,2,3,3,3,0,3,3,0,2,3
A3U5JCXIXTGSLN,4,5,0,0,4,0,0,3,5,3,1,4,0,0,0,5,0,0,2,0,3,0,5,0,0
A3UA046AA3DXFD,0,0,0,0,0,0,0,4,5,0,3,0,0,5,0,0,3,0,0,0,4,0,0,0,0
A3UCNXHX2PB3KQ,0,5,0,0,5,0,5,5,5,5,4,0,0,5,0,5,5,0,0,0,0,0,5,0,0
A3UDYY6L2NH3JS,5,5,4,4,5,5,5,5,5,5,4,4,4,5,4,5,4,4,4,4,4,5,4,5,4
A3UPYGJKZ0XTU4,3,3,4,4,4,4,4,4,3,4,4,4,4,5,4,3,0,4,4,4,4,4,4,4,4
A3USRUCHAOC3MT,5,0,5,0,0,0,0,0,5,5,0,0,5,4,5,0,5,0,5,0,5,5,5,4,0
A3V5DUZ5KXPGQA,0,3,4,0,0,0,0,0,0,0,0,0,4,5,4,0,0,0,5,0,4,4,4,0,0
A3V6Z4RCDGRC44,4,5,5,0,5,0,5,0,5,0,5,0,5,5,5,5,5,4,0,0,0,5,2,5,0
A3VI2VETB90ZG5,0,0,5,0,5,4,0,5,0,5,0,0,5,4,0,0,5,4,5,0,0,0,4,3,0
A3VIOCJZ22JZXT,4,5,5,4,4,4,4,3,4,4,4,0,0,5,0,4,0,5,4,5,0,5,4,0,5
A3VLX5Z090RQ0V,0,2,2,0,0,5,4,0,0,3,0,0,0,0,5,0,0,0,0,5,3,2,3,0,0
A3VQSFORKH8B7O,5,5,5,5,4,5,4,5,5,5,5,4,5,4,5,5,0,5,5,3,5,3,0,5,4
A3VUO1LJGMSZQY,0,0,0,0,5,0,0,5,5,0,0,0,0,0,0,5,0,5,0,0,0,5,0,5,0
A3VV4GUGLUVUP1,0,5,0,5,0,4,0,3,0,0,0,0,4,5,3,0,0,5,0,0,2,0,0,0,4
A3W13VVBRY5GL7,1,5,0,3,5,0,0,2,2,4,3,4,2,0,3,4,0,0,2,2,4,3,2,1,2
A3W1JJGJHRPH4Y,4,2,3,4,5,3,2,0,4,3,4,3,4,0,0,4,4,3,2,5,5,3,3,0,4
A41I67QYRAOSQ,0,0,0,0,0,0,0,0,4,5,5,0,4,0,0,0,4,4,0,0,4,0,0,0,0
A457S8SW690NM,5,3,2,5,5,5,5,4,5,4,5,5,5,5,3,5,5,4,4,5,4,5,4,5,5
A461VTLW9G9YB,3,3,0,0,0,4,0,4,4,4,0,1,2,0,5,4,1,0,5,4,1,4,2,3,2
A4CHIXX0HOB3G,5,0,0,0,5,0,4,0,0,0,0,0,0,0,0,0,3,0,5,0,0,5,0,0,0
A4F8CJ1L4348V,4,5,5,5,4,5,5,5,3,5,5,0,0,0,5,0,0,0,5,0,5,5,5,0,5
A4JP4T1F95D0A,3,4,4,3,4,4,4,4,4,3,3,4,3,5,4,4,4,3,4,3,4,4,4,4,4
A4PPZNQF1X2IY,4,0,0,0,3,2,4,4,5,4,0,4,5,5,4,5,5,5,3,2,2,5,1,4,0
A4SY5RCGC5CH9,0,5,0,5,0,0,0,0,0,5,0,4,5,5,4,0,4,0,0,0,0,5,0,0,5
A4UKBG3M5U5TI,2,0,0,3,0,0,0,4,0,0,0,3,4,0,0,0,4,4,0,0,3,0,0,4,3
A4X7FBQ5SKPI6,2,0,0,2,0,2,0,5,2,3,0,3,0,0,1,3,5,0,0,2,0,1,0,0,0
A4X7NFDO3I1TA,0,0,0,5,5,0,5,0,0,5,5,0,0,0,0,0,0,5,0,0,0,0,5,0,5
A51IK68MWKV5R,0,0,0,4,0,4,0,5,0,0,3,5,4,0,5,5,0,0,0,5,0,5,0,5,0
A56AA52NMMKYQ,4,0,4,0,3,4,0,3,4,0,0,0,4,4,2,5,0,4,3,0,0,0,4,0,5
A5A2QE6NECFR5,4,5,3,0,0,0,0,0,0,5,4,2,0,0,5,4,0,3,0,0,3,4,0,4,5
A5AIEA4LXWJH3,5,4,0,0,0,4,0,3,0,5,4,0,0,0,4,5,5,0,3,0,5,0,0,3,4
A5DIAZ5GT3MC,0,4,0,0,0,0,0,2,0,0,3,1,5,5,0,0,3,3,2,4,0,5,0,0,0
A5KJVGJ43ZDC9,4,3,4,0,0,0,0,2,0,3,1,0,0,0,4,0,0,4,4,0,0,3,3,2,0
A5KLP39OKXD5P,0,5,0,0,5,4,5,0,0,0,0,0,0,4,5,4,0,0,0,0,0,5,0,0,5
A5OD2CTWK2EBA,0,0,0,3,0,5,4,5,4,0,0,0,3,0,2,0,4,0,3,0,0,0,5,0,0
A5QE86H97FDJA,0,3,0,0,0,0,0,0,0,0,0,0,2,0,0,0,0,0,0,1,0,5,0,0,1
A5TZXWU8AALIC,4,3,4,4,4,5,3,3,3,3,5,4,4,2,3,3,3,3,3,3,3,1,3,3,4
A5UMUVEV1RUS9,0,0,0,5,4,0,0,4,5,4,0,0,3,0,3,0,4,0,0,0,0,0,4,5,0
A5WMBIOGE8Q6N,0,5,0,0,0,0,0,0,0,4,0,0,0,0,0,0,0,0,5,0,5,0,0,0,5
A5X1B2HBQUR3P,0,0,0,4,5,3,0,5,5,0,0,5,3,0,3,5,0,0,0,5,0,5,0,0,5
A6ADO7B6FUVN,4,4,4,4,3,4,4,3,3,5,0,4,4,0,4,5,3,4,5,4,4,3,4,4,5
A6DOCZ10B7JAJ,3,5,5,0,4,0,3,3,5,4,0,5,0,5,4,0,5,2,0,0,0,4,0,0,0
A6FIAB28IS79,4,4,0,4,0,0,3,4,0,5,0,3,0,3,0,5,4,5,0,0,0,4,4,5,0
A6VFFRIHAXKRL,3,4,0,4,0,0,0,4,3,4,4,1,4,4,0,5,3,0,3,0,0,4,0,0,0
A6VXZ1EEPRTLV,4,0,0,4,3,0,0,3,3,3,0,0,4,4,4,4,4,3,0,5,3,4,4,0,0
A6X6LNZO1C3EZ,0,0,0,3,4,3,0,5,2,5,0,0,1,0,4,0,0,0,0,5,0,0,0,5,5
A77184QJM3PM,0,0,5,0,3,0,0,5,0,5,0,0,2,0,5,0,5,0,4,0,4,0,4,0,0
A7P9LPMSBAAME,0,5,0,0,3,0,0,0,0,0,0,5,0,0,0,0,0,4,0,5,0,4,0,0,0
A7PBI5HADJYER,0,0,0,5,0,2,0,2,5,0,0,0,0,0,0,0,5,3,0,0,5,0,0,0,4
A7Y6AVS576M03,3,5,5,5,0,3,5,0,5,5,5,5,5,4,4,5,4,4,4,5,0,5,5,4,3
A81P47EIXM8HA,1,2,0,5,5,0,0,5,3,3,0,0,5,4,0,0,0,5,0,0,0,0,0,0,0
A82LIVYSX6WZ9,4,4,3,3,5,4,4,3,4,4,2,4,3,0,2,0,4,5,4,5,3,4,3,4,3
A82R4WKX62LEK,1,0,0,5,4,0,0,0,0,5,5,1,0,0,1,0,5,0,1,0,0,5,0,0,1
A84UFSF2SZS2W,4,3,0,3,0,4,4,1,0,3,0,4,0,4,0,0,0,3,5,0,3,0,0,0,4
A86R2KZIFHKLB,0,0,0,0,0,5,0,4,5,5,0,5,5,5,0,0,5,4,0,0,0,0,5,0,0
A8DI0COTCMRDV,5,0,0,4,3,5,5,5,4,0,3,0,5,5,5,0,5,0,0,0,0,4,4,0,5
A8F2AZWB20X1H,0,5,0,5,5,0,5,5,0,0,0,5,0,0,5,5,0,0,0,0,3,5,0,4,5
A8G9GETA2OLMZ,1,0,0,5,5,2,0,0,0,0,0,3,0,5,0,0,1,0,0,0,5,2,0,0,5
A8M4WE1MT4R4O,0,0,0,0,0,5,2,0,0,4,0,5,0,5,1,0,0,0,0,0,0,3,5,0,0
A8S11VP9Z36D6,0,4,0,0,0,0,0,0,5,5,5,0,0,0,0,0,5,0,0,0,0,0,5,5,5
A8X8D4BUY5DFU,5,0,0,0,0,0,0,0,0,5,0,0,0,4,0,5,5,4,0,0,0,5,4,5,4
A91LE0MPYE8GJ,5,5,0,0,5,0,0,5,5,0,0,0,0,5,5,5,0,4,0,5,0,5,5,0,0
A928WN8NV03WZ,0,4,0,0,0,0,4,4,0,0,0,0,0,0,0,0,4,3,5,0,0,3,0,0,4
A96JD9312DHWC,3,0,0,5,5,5,3,5,0,5,5,0,4,5,4,0,5,0,0,3,0,5,4,4,5
A96K1ZGW56S2I,4,5,4,4,3,5,4,4,3,5,4,3,4,4,4,4,4,4,4,4,3,4,4,4,3
A9I40WFF40R4,3,4,0,5,4,5,0,0,5,5,5,4,0,0,0,4,0,0,5,0,0,5,5,0,5
A9L6L5H9BPEBO,3,5,0,5,0,0,5,0,0,4,5,0,4,0,0,0,5,0,0,0,0,5,5,0,0
A9LAPV8XNKZVZ,2,4,2,3,4,3,4,3,3,4,4,3,2,3,3,2,0,3,4,3,4,3,4,3,4
A9LNWA25IM2DX,0,0,4,0,0,4,3,5,0,5,0,3,3,0,4,0,0,5,1,0,4,0,0,0,0
A9NCQGVV5W8N0,4,0,5,4,4,5,0,2,2,5,0,0,2,4,0,0,0,3,3,0,0,4,2,5,2
A9Q28YTLYREO7,4,1,1,3,3,2,0,3,3,3,0,2,3,0,3,5,2,2,5,5,3,3,2,4,0
A9RNMO9MUSMTJ,0,3,0,4,2,4,0,4,3,3,3,4,3,4,4,4,4,3,0,4,4,4,4,4,4
A9TG2NFA614S9,4,5,5,4,5,5,5,0,5,5,0,4,3,0,4,5,3,5,5,3,4,0,5,4,5
AAECAHBNP1VD2,0,4,4,5,4,4,0,3,0,3,0,3,4,0,5,0,3,3,0,3,3,5,0,4,0
AAEP8YFERQ8FC,5,5,0,0,0,3,0,5,0,4,0,4,3,0,0,0,5,4,0,0,5,0,3,4,5
AAI57M3OXP5NK,0,5,0,0,0,0,0,4,0,5,5,5,4,0,5,5,0,0,0,0,2,0,0,4,0
AAKGTWGAFT1LQ,5,0,0,0,0,5,0,0,5,5,5,0,0,3,5,0,5,5,0,0,0,5,5,0,0
AATKF0HDBQL86,0,0,4,0,0,0,0,0,0,0,0,5,5,0,5,0,4,4,0,0,5,0,0,0,3
AAU7CAQIN5BAE,4,5,4,0,1,0,0,2,1,5,3,2,4,0,4,2,4,4,5,0,0,3,0,1,0
AAZRWLML88IZK,0,0,0,1,4,0,2,4,0,1,0,0,3,0,0,0,5,5,0,0,0,0,1,5,0
AB0GGIQBNB36Q,0,0,1,5,3,0,0,0,0,1,0,0,5,0,5,0,0,4,0,0,0,0,0,4,0
AB0W9GTNGHSI3,5,0,0,5,0,0,3,4,5,3,0,5,0,0,0,0,5,2,3,4,3,3,1,0,5
AB1UMC7SB9D7Z,2,0,5,0,0,0,0,0,0,5,0,5,4,0,5,4,0,4,2,0,0,0,4,4,4
AB2AQMK9PCWWX,3,3,3,0,0,5,2,3,3,5,0,5,0,0,0,0,0,0,5,4,3,3,0,3,2
AB9QXH5URDLER,3,0,0,5,4,0,4,4,4,4,0,5,4,5,5,0,0,0,5,3,4,0,5,4,0
ABFOAYZA2UHD3,5,0,0,5,0,4,0,5,5,4,0,4,3,0,5,5,0,4,4,0,2,0,4,4,5
ABH4G7TVI6G2T,0,5,0,0,0,0,0,0,0,4,5,0,0,0,0,0,5,5,0,4,0,5,0,5,0
ABN5K7K1TM1QA,5,4,5,5,4,5,2,3,0,4,5,4,5,5,3,5,0,5,5,0,5,4,4,4,4
ABO092BYA4VMU,0,0,4,5,5,0,0,0,0,0,5,0,4,4,0,0,0,0,0,4,0,0,0,0,0
ABO2ZI2Y5DQ9T,4,3,4,3,4,3,3,3,3,3,2,4,4,4,3,3,3,4,3,3,3,4,3,4,4
ABP69F7LFTI1R,0,4,5,0,5,0,0,0,5,0,0,3,4,0,1,0,1,0,5,5,5,0,0,0,0
ABSX5TGEGRH76,5,4,0,0,4,5,4,0,5,5,0,4,5,4,5,5,0,4,4,5,5,0,4,4,4
ABX7SEE84DMLU,5,5,3,5,0,4,0,5,0,4,0,4,0,5,4,4,0,5,5,4,1,0,4,5,5
AC16NVPW23KGG,5,5,0,0,0,5,0,0,0,5,5,1,5,5,0,5,0,0,0,0,0,5,0,0,0
ACEA95FQS1AVP,3,0,0,0,4,4,5,4,0,3,3,5,4,0,0,0,5,0,3,0,0,0,0,5,4
ACIBQ6BQ6AWEV,1,0,0,5,3,5,5,4,5,4,4,4,3,4,5,4,5,4,0,0,0,5,0,5,5
ACKDSX71VI5HY,0,0,0,0,0,0,0,5,0,1,0,4,5,5,0,0,5,0,0,0,0,0,0,5,0
ACMAUJEBY6GJF,0,5,4,2,4,1,1,2,2,3,3,4,0,0,5,4,0,4,0,1,3,0,3,3,2
ACMOLKXVKQ06Z,0,0,0,0,0,0,0,0,5,0,0,3,0,0,4,0,0,0,0,0,3,0,0,5,0
ACO20QL72D1E6,0,5,5,5,5,0,4,0,0,5,5,3,0,0,5,5,0,4,0,0,4,4,0,3,0
ACVFTS9X2MKJ8,0,0,4,0,0,3,2,0,0,4,0,0,0,0,0,1,3,3,0,0,3,0,2,4,1
ACVNA57PI4DLV,0,0,0,0,0,0,0,0,4,5,4,0,0,3,5,5,0,0,0,0,0,0,0,0,0
AD0J5KK4WQXNS,4,3,3,2,1,5,5,1,3,3,5,3,5,3,5,1,4,4,5,3,2,4,4,3,3
AD2BIAIH78QI5,0,0,0,5,5,0,3,4,5,5,5,0,0,0,5,5,5,5,0,0,0,5,0,5,4
AD7IBJCYSJ9EE,0,5,5,5,5,0,0,5,0,0,5,0,5,5,5,0,0,0,5,5,5,0,5,0,0
AD9WTAOAFUZA4,0,0,0,5,0,0,0,5,0,5,0,0,0,0,0,5,4,0,0,0,3,0,0,0,5
ADB8XCKNSDY5Z,0,0,0,0,0,5,5,5,0,0,4,3,4,0,4,5,0,0,4,0,0,5,4,0,0
ADE852UR9121C,0,5,0,5,0,4,0,0,5,0,0,5,0,0,0,0,0,0,0,0,0,2,2,4,3
ADJBUPS8SJHTC,5,0,0,5,4,0,5,0,0,0,0,0,5,5,5,4,0,5,5,0,0,4,5,0,0
ADKA2MJQQCMTO,0,2,0,3,0,0,0,3,0,0,2,0,2,0,2,4,4,0,3,0,3,3,2,2,4
ADLVFFE4VBT8,0,4,0,4,2,0,0,0,0,0,0,5,4,0,4,0,5,0,0,4,0,5,0,3,0
ADS5APY1NKTL4,0,5,0,0,5,0,5,5,0,4,0,5,0,0,5,5,5,4,5,5,0,5,5,5,0
AE0E6UII0VSZA,0,0,0,0,0,0,0,5,0,0,4,0,5,5,0,0,0,0,5,0,0,5,0,5,0
AE42JLYPXUI45,5,5,0,0,5,0,5,5,0,0,5,0,0,5,0,0,0,0,0,0,0,0,0,5,0
AE4JNORCLW8F6,0,5,0,4,0,0,0,4,4,4,5,4,4,0,4,0,0,0,5,0,4,5,5,0,0
AE9GUE3HHOX3U,4,5,5,3,4,4,4,3,5,4,5,4,3,1,5,2,3,4,5,5,1,4,3,3,5
AE9V37MS6QY8D,5,0,0,4,5,4,4,5,0,5,0,0,4,4,4,0,4,0,4,2,0,5,2,0,0
AEGR40GALMDJ4,5,5,5,5,5,0,5,4,5,4,4,4,5,5,5,0,5,4,0,1,0,5,0,5,4
AEMZRE6QYVQBS,0,0,0,5,0,0,0,0,4,0,3,0,5,0,5,5,0,0,0,5,0,0,5,0,4
AEQFYOI6YJ83Z,4,5,5,4,5,0,5,5,0,5,5,3,5,4,4,0,5,5,0,4,0,4,3,4,4
AER15RIMV8E6D,5,4,5,4,3,4,3,4,4,5,4,4,4,4,5,4,5,4,4,4,4,3,4,4,4
AESY8NCX6VS6O,3,4,0,0,1,0,4,3,0,4,0,0,4,0,0,0,0,0,0,4,0,0,3,4,0
AEVNUEDRGTC4P,4,0,0,0,0,1,3,1,4,1,0,0,3,3,0,0,5,0,5,0,0,0,5,0,0
AF3X7J0XC391L,5,0,0,4,2,0,0,0,5,0,4,3,0,4,0,5,0,5,0,2,2,4,5,0,0
AF8C86SGYLH81,3,0,0,5,5,0,5,4,0,5,1,4,4,0,5,5,5,0,0,5,0,5,5,0,0
AFFVUZEGP1FDQ,0,0,0,0,0,0,4,0,0,3,0,0,0,0,4,3,0,0,3,3,0,5,2,0,4
AFJFXN42RZ3G2,0,5,0,0,0,0,5,0,4,5,0,5,0,5,4,0,5,0,0,0,4,5,0,4,4
AFLQGO7CJVK50,0,0,0,0,5,0,5,0,5,0,0,5,5,0,0,0,5,0,0,0,0,0,0,5,5
AFMUUJT7J32LN,0,0,0,0,0,5,0,0,5,5,0,0,0,5,0,0,3,0,0,0,0,5,0,0,0
AFOK05KDCHSHL,0,0,0,0,4,0,0,2,0,0,2,0,4,0,0,5,0,0,4,0,0,2,0,0,0
AFV2584U13XP3,0,3,5,5,2,0,0,4,0,2,0,4,5,0,0,0,0,0,0,0,4,0,1,0,0
AG0TA24LI0XV7,0,4,0,3,3,0,0,3,0,4,0,4,1,0,0,0,0,5,0,0,0,0,2,4,3
AG6UYD56VHOG1,0,0,1,0,5,5,0,1,0,1,0,0,0,5,0,3,0,5,0,0,3,1,0,1,0
AG8U6F6226GBZ,5,5,0,0,0,0,0,0,0,2,0,3,0,0,0,0,0,3,0,0,2,3,0,1,5
AGEIT17HENDIS,0,4,4,5,4,0,4,4,0,4,4,4,3,4,4,0,4,4,2,4,0,5,4,0,0
AGI3VJ0I04QO7,0,0,0,0,0,4,4,4,0,0,0,0,5,4,0,5,5,1,0,1,4,0,5,0,0
AGKPTMTR3UX1R,3,5,4,5,4,4,5,5,5,3,5,3,2,4,5,3,4,0,1,5,4,0,4,5,0
AGNOPNCN6FHB6,0,0,0,3,2,0,2,0,4,3,5,0,0,0,4,0,0,4,0,0,0,0,0,4,0
AGQY11NLQJ2JL,4,0,0,5,5,4,5,2,5,2,0,5,5,0,5,5,0,0,0,0,0,5,5,0,5
AGRR05FH945HR,5,5,0,0,0,4,0,0,0,5,0,0,4,0,0,0,0,5,0,0,5,5,5,4,5
AGU2ZGUBFCJTJ,4,4,4,4,0,4,4,1,3,4,5,4,4,4,0,5,4,4,3,4,3,0,4,4,3
AGVWTYW0ULXHT,4,4,0,3,3,0,0,3,4,4,4,0,1,4,4,5,0,0,0,3,5,4,3,4,4
AGZVS6M8XJGN6,3,5,4,5,4,4,5,4,5,0,5,4,5,4,5,5,4,4,5,3,0,0,3,4,4
AH1OH4PWR7NV6,0,0,0,1,0,5,5,0,0,0,0,3,0,5,2,0,3,0,0,0,0,0,5,1,0
AHABFECTNE15I,4,4,4,4,4,4,2,4,3,4,3,0,3,4,4,4,3,3,3,4,4,4,3,2,3
AHBNPMHDWZ7SB,4,0,0,5,4,0,4,4,5,5,4,3,5,5,5,0,0,5,0,0,4,4,0,4,4
AHCVWPLA1O4X8,0,0,5,0,0,0,0,0,5,4,0,4,2,0,0,0,0,3,5,0,4,0,4,0,0
AHF97M45JFCB,0,0,0,0,0,0,0,0,0,4,0,0,0,0,0,0,4,0,0,5,4,0,0,4,5
AHIK7BUXFRMT8,4,5,0,5,0,5,0,4,0,3,4,5,0,4,0,0,5,0,4,0,5,4,5,4,4
AHL35XZ3OND2Z,0,0,5,0,3,0,0,4,5,0,0,0,0,1,0,0,4,2,0,0,5,4,3,0,0
AIBRTGBN07D6A,0,0,0,0,3,0,1,2,0,0,0,3,5,0,0,0,0,1,4,3,0,1,0,3,0
AIFNOZKR9WTYI,2,0,1,5,0,0,2,1,4,3,5,2,0,0,2,5,1,1,0,1,1,1,2,0,0
AIFXFHO2N9WJB,4,2,5,4,4,4,4,4,5,4,4,4,5,5,5,5,4,4,4,4,5,3,4,5,4
AIIR8E34EDKCQ,0,5,5,0,0,5,4,4,5,5,4,5,4,5,5,0,3,5,5,5,5,5,5,4,4
AILBDL6ATVDCJ,0,5,0,4,0,5,4,4,0,4,0,5,5,4,5,0,0,5,5,5,5,0,5,4,0
AIMR915K4YCN,5,5,5,5,5,5,5,5,5,5,5,5,5,5,5,5,5,5,5,5,5,5,5,5,5
AIRHRV3D8X4J1,0,5,5,0,0,0,0,5,0,0,0,0,5,0,0,0,0,5,0,0,0,0,0,5,0
AIY4H4KWR2KWZ,0,0,5,0,5,0,0,5,0,0,0,3,4,0,0,0,3,0,4,0,4,3,0,0,0
AJ9W09EUQPAKE,4,0,4,4,0,0,4,2,5,3,3,0,3,4,2,4,3,0,0,0,5,0,3,0,3
AJD9EA658HCFW,4,0,0,4,0,0,5,0,5,4,2,0,0,5,0,5,0,2,0,0,0,4,3,2,0
AJKWF4W7QD4NS,5,4,5,4,5,4,4,4,4,4,3,3,4,4,4,5,4,4,4,4,3,4,4,4,4
AJLYAY1G5Z8GE,0,0,0,4,0,0,5,5,5,4,3,4,4,5,0,0,0,4,0,4,5,5,4,5,0
AJMU8VVFKMZI4,4,5,3,5,3,4,3,3,4,3,3,4,4,5,5,4,0,3,5,2,5,5,3,5,3
AJRFZ0VZ0LD26,5,4,4,4,4,3,4,3,4,3,4,4,0,4,3,0,5,5,0,4,0,5,0,4,4
AJUFIGATSP9AQ,5,0,5,5,0,5,0,0,5,5,0,0,0,0,0,5,5,5,0,5,0,5,0,5,0
AK0CENM3LUM28,4,4,0,4,0,0,0,3,0,3,2,0,3,0,0,0,0,5,0,5,4,3,0,0,2
AK1OBVI54SY73,0,4,0,3,4,3,2,0,0,4,3,0,2,3,3,0,2,3,3,0,3,0,4,2,4
AK2AQIULQDFS5,0,5,5,0,4,0,0,0,0,5,5,3,0,0,5,0,5,5,5,0,0,5,5,0,0
AK61LQI92GTCH,0,0,3,0,3,0,0,0,0,4,0,3,0,2,0,5,0,5,0,0,0,0,0,0,0
AK6UVFSU07NXH,0,0,0,0,5,0,0,0,5,0,4,0,0,0,5,5,5,5,0,4,0,0,0,5,0
AK7D1BHZOSOL1,3,4,5,0,0,0,0,4,2,0,0,0,5,0,5,5,4,5,4,0,5,3,3,5,4
AK81WLVD5KGUX,5,5,5,0,0,0,0,5,4,5,5,0,0,0,0,0,5,4,0,0,5,0,0,5,5
AKMEY1BSHSDG7,0,0,0,5,4,0,0,0,0,5,0,0,5,0,5,0,0,5,5,0,0,0,0,0,0
AKS9SJTHTU0OM,5,0,0,5,0,0,0,4,0,5,0,5,5,0,5,0,5,0,0,0,0,5,0,0,4
AKT8TGIT6VVZ5,5,5,5,0,0,0,0,0,5,5,5,5,5,0,5,5,5,0,4,0,5,0,4,5,5
AL277B4AQCWBG,4,1,2,4,0,4,2,3,0,4,5,2,3,5,0,3,0,5,5,3,2,4,3,1,3
AL4MKKO24563R,0,4,0,4,0,0,5,5,0,0,0,0,5,0,0,5,0,0,5,5,3,0,4,5,2
AL5OEDM8TPTKV,0,5,0,0,5,4,0,0,0,0,0,0,5,5,0,5,0,0,4,0,0,0,5,5,5
ALG7QH2L5JL2L,5,0,5,4,4,5,4,0,0,0,0,3,4,0,4,0,5,0,5,4,0,0,5,0,0
ALJGB7XHPFCR,0,5,3,5,5,5,5,3,0,4,5,0,3,0,4,0,0,4,5,3,4,0,0,5,0
ALLIGF5OZM1I6,5,0,0,4,5,4,5,4,0,5,0,4,0,0,5,0,2,2,2,0,0,5,0,4,5
ALN0TTRTLHA4E,1,0,0,0,5,0,1,3,5,0,0,2,4,0,0,3,3,3,0,1,5,5,0,0,0
ALR35EFI69S5R,5,0,4,0,5,5,0,0,5,4,5,0,4,0,4,0,5,5,5,5,4,3,0,0,0
ALWB64XOXNMDP,5,5,0,5,0,5,5,0,0,0,0,0,5,5,5,0,4,0,5,5,5,5,0,5,5
AM2PV53UX1JEQ,5,5,0,0,5,4,4,0,5,0,5,5,5,0,3,4,4,0,5,0,3,5,3,3,4
AMG2LF8MLUDN1,0,5,0,0,4,4,0,0,5,5,5,0,5,0,0,5,0,0,2,0,1,5,0,0,4
AMIGVTZZIWS6I,4,0,0,0,4,4,3,3,0,5,0,4,0,0,0,0,0,4,0,4,4,4,3,3,4
AMIOLJHCQHGBE,5,4,0,4,0,5,0,5,5,4,0,5,1,0,5,0,0,5,0,0,0,0,0,5,0
AMKZHBOK7VMQR,4,5,0,5,4,5,2,0,5,4,0,5,3,5,0,0,4,0,0,4,0,0,0,4,0
AMMEMPM9MPS55,0,0,0,0,5,3,0,5,0,4,0,0,0,0,0,3,0,0,0,0,5,0,0,5,0
AMNNPDX9MFEUD,0,0,0,0,0,4,4,3,0,3,0,0,0,0,3,5,0,5,0,4,4,5,3,0,5
AMP7TQRWAIE84,0,3,0,2,0,0,0,4,0,5,0,5,4,0,0,4,3,4,0,3,3,5,4,2,4
AMYMJ96STIRW,0,0,0,2,0,0,5,3,0,5,0,1,0,0,2,0,0,5,0,0,0,4,0,5,5
AMYW43AHO16SS,5,0,4,3,4,4,3,3,0,2,5,5,5,5,4,5,0,4,5,0,5,5,3,4,0
AN8M401S8Y6DA,5,5,5,2,4,0,0,4,4,4,4,0,0,0,4,5,5,5,0,4,0,4,5,4,4
AN9J46667D80O,5,0,5,3,5,0,4,4,0,5,0,4,5,5,5,5,5,5,2,0,4,5,1,4,4
ANAYSRE3LX8GZ,0,3,3,3,0,0,0,3,3,2,4,2,1,2,0,0,2,2,0,4,2,2,2,2,4
ANBQIWHO9JRFS,5,4,5,3,0,4,3,5,0,4,5,1,5,5,4,5,5,5,0,5,0,5,5,4,5
ANCOMAI0I7LVG,4,4,4,4,4,4,4,4,4,4,3,4,4,5,4,5,3,4,4,4,3,4,4,4,4
ANEDXRFDZDL18,4,0,5,2,0,5,0,3,0,0,0,0,4,0,0,0,0,2,4,3,0,4,4,2,0
ANGH6401L9Y0T,4,4,5,5,4,5,5,5,3,5,3,5,5,0,4,4,5,4,4,3,5,4,3,4,4
ANIMV3SPDD8SH,4,0,3,4,5,4,4,3,0,4,0,2,3,1,4,0,0,4,2,4,4,4,4,2,4
ANOAF9M5MTJHN,0,4,0,0,0,0,0,3,0,0,3,4,0,4,4,0,4,0,0,5,5,0,0,0,0
ANP3R2R4V4GAN,0,0,0,0,0,0,0,0,3,5,0,4,4,3,0,0,0,0,0,3,0,4,0,5,0
AO3JW5VHT2GQ,3,0,0,0,0,0,5,0,4,0,3,0,0,5,0,4,0,0,0,3,0,3,0,0,0
AO461REE0KA4J,0,5,4,0,0,0,0,4,5,0,0,5,0,5,4,5,5,0,0,0,0,0,0,0,0
AO4J90YPX5RU6,5,5,0,3,0,0,3,4,4,4,5,0,4,0,4,0,0,0,5,0,3,4,0,0,0
AOPQ0KA1B7BFD,5,0,0,0,5,0,0,0,5,0,5,0,5,0,5,0,4,0,4,0,0,5,0,0,0
AOTMP0OKJOUWI,0,5,0,0,0,0,5,0,0,5,0,0,4,0,5,0,0,0,0,0,3,3,0,0,4
AOVJYIUATQKR5,0,5,4,0,0,0,3,0,5,0,0,0,5,3,4,0,5,5,0,5,5,0,0,3,0
AOXL514GEE4AA,0,0,0,4,5,4,4,0,3,5,0,2,4,5,5,0,4,4,3,0,4,5,5,5,4
AOYTQFRLD8VLP,0,4,0,0,4,4,0,0,5,5,0,0,4,0,0,5,0,0,0,0,0,4,5,5,0
AP3B615GM191G,4,4,3,3,4,5,5,5,3,5,4,4,4,4,4,4,4,4,4,0,4,3,5,4,5
APBB297H3ZA5E,1,0,4,4,5,0,3,5,0,3,0,0,0,0,0,0,4,0,5,0,0,1,0,2,4
APIW11UEPKIC2,5,5,4,4,4,4,4,3,5,0,0,0,0,4,5,4,0,0,0,5,4,0,4,5,0
APM06HT7JIPZ5,0,0,0,3,0,3,4,0,4,0,0,0,4,5,5,0,5,0,0,0,4,3,0,0,0
APOGXH3A74CM3,4,3,0,5,4,5,4,4,2,5,4,4,5,5,4,0,4,4,3,4,4,5,3,5,4
APOUYO1BEPK22,0,5,0,3,4,4,0,4,0,4,0,4,0,0,3,0,0,4,0,0,0,3,4,5,3
APP5MBH2BSX6I,0,0,3,0,3,0,0,0,5,0,0,0,0,4,0,0,0,0,0,4,0,4,0,0,4
APQ8N1UKS1RDC,0,1,5,0,1,0,5,5,5,0,0,0,2,5,5,0,0,0,5,0,0,4,0,0,0
APRZ2IVM8JTLV,1,0,0,4,2,1,0,0,2,0,0,0,0,4,0,0,0,0,0,1,1,5,0,3,5
APW72P4COWTBK,0,0,0,3,4,3,5,3,0,4,0,0,0,0,0,0,0,0,0,0,0,0,0,0,5
APZ9MBMUKD2W,4,5,0,5,5,3,0,5,5,0,5,4,5,4,0,0,0,0,0,0,0,0,0,0,0
AQ01Q3070LT29,3,5,4,5,4,4,3,4,4,3,3,4,4,3,5,5,4,2,2,4,5,4,3,4,5
AQ0EO10KTRJ4V,2,0,0,4,4,4,3,3,4,1,0,3,2,5,0,0,0,2,3,4,1,2,3,2,4
AQ6SV7LDSMGBE,0,5,5,0,5,0,0,0,0,5,0,0,1,3,0,0,4,0,0,2,4,5,0,3,3
AQ8DU6XVA3USJ,1,0,0,0,5,5,0,5,0,3,0,0,5,0,0,0,0,0,4,0,5,5,0,5,0
AQ990HW13DP08,4,4,4,5,5,5,4,0,0,5,0,4,5,5,3,4,3,0,5,0,4,5,3,4,4
AQBRMBQ99ESI7,0,0,0,5,4,3,0,0,5,0,4,0,0,0,5,5,3,4,0,0,4,0,4,3,0
AQI2CW6UKF1ES,0,4,5,0,0,5,0,3,0,0,5,0,0,0,0,0,5,0,0,5,5,4,0,0,0
AQP1VPK16SVWM,4,4,5,5,5,4,4,4,4,5,5,4,4,4,5,5,3,5,4,4,4,4,5,5,4
AQUVTQFFXP4AC,3,0,0,5,5,5,0,2,0,1,0,2,3,3,5,0,0,0,0,0,0,5,0,0,2
AQZH7YTWQPOBE,3,5,4,4,5,2,2,5,5,4,5,3,4,5,4,0,3,5,5,0,5,0,3,3,3
AR14BIUHYR6B7,0,0,0,0,0,3,4,0,0,0,4,0,0,0,0,0,0,0,5,0,0,5,5,5,0
AR1T36GLLAFFX,4,0,0,0,4,0,4,4,0,0,0,0,0,0,2,0,0,0,4,0,4,5,4,0,0
AR2DE47VCY1C8,0,0,0,5,0,0,4,0,0,5,4,0,0,5,5,0,0,0,0,0,0,0,0,5,0
AR37967IAR6ZT,4,1,5,5,0,5,4,0,5,3,0,5,5,0,2,4,0,5,5,4,2,0,0,5,0
ARA48345JZPZR,5,3,0,4,5,4,3,3,4,5,4,4,5,5,4,5,5,5,0,4,3,5,4,3,5
ARFCORBCTKX1J,5,0,5,4,5,0,5,3,5,5,5,0,0,0,5,5,5,3,0,0,0,4,4,4,0
ARMVAHWQQ9S8A,0,5,4,0,0,0,5,4,5,5,0,5,3,0,5,0,0,4,4,0,4,1,4,4,5
ARYSE5JQ3AG7L,5,0,0,5,4,0,4,0,0,0,0,0,0,5,5,0,3,5,0,5,0,5,0,3,5
AS28WVBBZ3G99,0,2,0,0,5,5,0,5,0,2,0,3,5,0,0,0,0,4,0,0,3,4,5,4,5
AS558SNWF1DXG,0,0,4,0,4,3,0,2,3,0,2,3,3,0,4,4,0,0,4,4,2,5,4,4,0
AS6SH2JM2YY3H,4,5,4,5,5,5,3,4,0,4,0,4,4,5,0,1,0,4,3,0,4,0,2,4,5
AS7B4W4KOPQNV,5,5,0,0,0,0,0,0,5,5,0,0,0,0,5,5,0,5,3,3,0,0,0,0,0
ASEBX8TBYWQWA,0,5,0,0,5,0,0,0,0,4,0,0,0,0,0,0,0,5,0,0,0,5,5,0,5
ASHT96DUVMF1S,5,0,0,0,4,0,0,5,0,0,0,5,0,5,0,5,3,0,0,3,4,0,0,5,0
ASIA7V7CBSKD3,0,0,0,4,4,4,4,4,3,4,0,0,5,5,0,0,4,4,4,3,0,4,4,4,3
ASJ54MITON1NO,0,5,3,0,4,4,4,5,0,3,4,4,0,0,5,5,3,5,0,0,0,4,0,4,3
ASJ89T42CIUHU,3,4,3,5,0,2,5,3,0,4,0,0,5,0,0,0,0,3,5,0,5,0,5,0,5
AT07UZQQR7ZEH,0,5,4,0,0,0,0,5,0,5,5,4,0,0,5,5,0,4,4,4,0,5,4,5,4
AT2BYFEVLVITT,0,5,0,0,0,0,0,0,0,5,5,1,0,0,0,5,4,0,0,0,5,0,0,5,5
AT6CZDCP4TRGA,0,0,0,0,2,4,3,4,4,4,0,4,4,0,0,5,5,0,5,4,0,4,0,2,3
AT7W1EXT0PF2Y,0,0,0,0,0,0,0,4,5,0,2,0,0,0,0,5,0,1,0,0,1,0,0,0,5
ATE5SA1VTJNP8,0,4,5,4,0,0,5,4,4,4,0,0,4,0,0,5,4,0,5,0,5,0,0,0,0
ATHTCOG6BB6WK,0,0,0,0,0,0,0,0,0,5,0,0,0,0,0,0,5,0,0,0,0,0,0,0,0
ATOSQVSOA3D8Q,0,5,0,5,0,0,0,0,0,0,4,0,0,5,5,0,0,5,0,0,2,0,0,4,0
ATQTE464YAZM1,5,4,5,1,0,4,3,1,4,4,0,1,0,0,4,0,0,4,0,0,1,0,0,0,3
ATS1HA5M3EPZ4,4,3,1,4,5,5,4,4,0,5,5,4,0,4,5,5,0,0,0,0,0,0,0,0,0
